,Date,Consistence_3_45600000,Data3_45600000
0,2019-12-01,2,23.1827
1,2019-12-02,2,22.2545
2,2019-12-03,2,21.7971
3,2019-12-04,2,22.7164
4,2019-12-05,2,21.3443
5,2019-12-06,2,21.3443
6,2019-12-07,2,21.3443
7,2019-12-08,2,26.0748
8,2019-12-09,2,23.6535
9,2019-12-10,2,23.1827
10,2019-12-11,2,22.7164
11,2019-12-12,2,21.3443
12,2019-12-13,2,20.0128
13,2019-12-14,2,19.1477
14,2019-12-15,2,18.722
15,2019-12-16,2,18.3008
16,2019-12-17,2,17.8841
17,2019-12-18,2,17.472
18,2019-12-19,2,17.472
19,2019-12-20,2,17.0644
20,2019-12-21,2,17.0644
21,2019-12-22,2,17.0644
22,2019-12-23,2,17.0644
23,2019-12-24,2,16.6614
24,2019-12-25,2,16.6614
25,2019-12-26,2,16.6614
26,2019-12-27,2,16.6614
27,2019-12-28,2,16.6614
28,2019-12-29,2,17.0644
29,2019-12-30,2,16.6614
30,2019-12-31,2,17.8841
31,2019-11-01,2,21.3443
32,2019-11-02,2,19.1477
33,2019-11-03,2,18.3008
34,2019-11-04,2,17.8841
35,2019-11-05,2,17.8841
36,2019-11-06,2,17.8841
37,2019-11-07,2,17.472
38,2019-11-08,2,17.8841
39,2019-11-09,2,17.8841
40,2019-11-10,2,17.472
41,2019-11-11,2,17.0644
42,2019-11-12,2,16.6614
43,2019-11-13,2,16.263
44,2019-11-14,2,16.263
45,2019-11-15,2,15.8691
46,2019-11-16,2,16.263
47,2019-11-17,2,17.472
48,2019-11-18,2,17.472
49,2019-11-19,2,18.3008
50,2019-11-20,2,19.1477
51,2019-11-21,2,19.1477
52,2019-11-22,2,18.722
53,2019-11-23,2,18.722
54,2019-11-24,2,18.3008
55,2019-11-25,2,18.3008
56,2019-11-26,2,17.472
57,2019-11-27,2,17.472
58,2019-11-28,2,19.1477
59,2019-11-29,2,21.3443
60,2019-11-30,2,23.1827
61,2019-10-01,2,17.472
62,2019-10-02,2,19.1477
63,2019-10-03,2,19.578
64,2019-10-04,2,19.1477
65,2019-10-05,2,18.3008
66,2019-10-06,2,17.472
67,2019-10-07,2,17.0644
68,2019-10-08,2,17.0644
69,2019-10-09,2,17.0644
70,2019-10-10,2,16.6614
71,2019-10-11,2,16.6614
72,2019-10-12,2,16.263
73,2019-10-13,2,16.263
74,2019-10-14,2,16.263
75,2019-10-15,2,16.263
76,2019-10-16,2,15.8691
77,2019-10-17,2,15.8691
78,2019-10-18,2,15.8691
79,2019-10-19,2,15.8691
80,2019-10-20,2,15.8691
81,2019-10-21,2,15.8691
82,2019-10-22,2,16.263
83,2019-10-23,2,17.472
84,2019-10-24,2,20.4521
85,2019-10-25,2,22.7164
86,2019-10-26,2,26.0748
87,2019-10-27,2,25.0929
88,2019-10-28,2,26.0748
89,2019-10-29,2,28.0921
90,2019-10-30,2,28.6075
91,2019-10-31,2,26.5724
92,2019-09-01,2,15.8691
93,2019-09-02,2,15.8691
94,2019-09-03,2,15.8691
95,2019-09-04,2,15.8691
96,2019-09-05,2,15.4799
97,2019-09-06,2,15.4799
98,2019-09-07,2,15.4799
99,2019-09-08,2,15.4799
100,2019-09-09,2,15.4799
101,2019-09-10,2,15.4799
102,2019-09-11,2,15.4799
103,2019-09-12,2,15.8691
104,2019-09-13,2,16.263
105,2019-09-14,2,16.263
106,2019-09-15,2,16.263
107,2019-09-16,2,15.8691
108,2019-09-17,2,15.8691
109,2019-09-18,2,15.8691
110,2019-09-19,2,16.263
111,2019-09-20,2,15.8691
112,2019-09-21,2,15.8691
113,2019-09-22,2,15.8691
114,2019-09-23,2,15.8691
115,2019-09-24,2,15.8691
116,2019-09-25,2,15.8691
117,2019-09-26,2,15.8691
118,2019-09-27,2,15.8691
119,2019-09-28,2,15.8691
120,2019-09-29,2,16.263
121,2019-09-30,2,17.0644
122,2019-08-01,2,16.6614
123,2019-08-02,2,16.6614
124,2019-08-03,2,16.6614
125,2019-08-04,2,16.6614
126,2019-08-05,2,16.263
127,2019-08-06,2,16.263
128,2019-08-07,2,16.263
129,2019-08-08,2,16.263
130,2019-08-09,2,16.263
131,2019-08-10,2,16.263
132,2019-08-11,2,16.263
133,2019-08-12,2,16.263
134,2019-08-13,2,16.263
135,2019-08-14,2,16.263
136,2019-08-15,2,16.263
137,2019-08-16,2,16.263
138,2019-08-17,2,16.263
139,2019-08-18,2,16.263
140,2019-08-19,2,16.263
141,2019-08-20,2,15.8691
142,2019-08-21,2,15.8691
143,2019-08-22,2,15.8691
144,2019-08-23,2,15.8691
145,2019-08-24,2,15.8691
146,2019-08-25,2,15.8691
147,2019-08-26,2,15.8691
148,2019-08-27,2,15.8691
149,2019-08-28,2,15.8691
150,2019-08-29,2,15.8691
151,2019-08-30,2,15.8691
152,2019-08-31,2,15.8691
153,2019-07-01,2,16.263
154,2019-07-02,2,16.263
155,2019-07-03,2,16.263
156,2019-07-04,2,16.263
157,2019-07-05,2,15.8691
158,2019-07-06,2,16.263
159,2019-07-07,2,16.6614
160,2019-07-08,2,16.6614
161,2019-07-09,2,16.6614
162,2019-07-10,2,16.6614
163,2019-07-11,2,16.6614
164,2019-07-12,2,16.6614
165,2019-07-13,2,16.6614
166,2019-07-14,2,16.6614
167,2019-07-15,2,16.6614
168,2019-07-16,2,16.6614
169,2019-07-17,2,16.6614
170,2019-07-18,2,16.6614
171,2019-07-19,2,16.6614
172,2019-07-20,2,16.6614
173,2019-07-21,2,16.6614
174,2019-07-22,2,16.6614
175,2019-07-23,2,16.6614
176,2019-07-24,2,16.6614
177,2019-07-25,2,16.6614
178,2019-07-26,2,16.6614
179,2019-07-27,2,16.6614
180,2019-07-28,2,16.6614
181,2019-07-29,2,16.6614
182,2019-07-30,2,16.6614
183,2019-07-31,2,16.6614
184,2019-06-01,2,16.6614
185,2019-06-02,2,16.6614
186,2019-06-03,2,16.6614
187,2019-06-04,2,16.6614
188,2019-06-05,2,16.263
189,2019-06-06,2,16.6614
190,2019-06-07,2,16.6614
191,2019-06-08,2,16.6614
192,2019-06-09,2,16.263
193,2019-06-10,2,16.263
194,2019-06-11,2,16.263
195,2019-06-12,2,16.6614
196,2019-06-13,2,16.263
197,2019-06-14,2,16.263
198,2019-06-15,2,16.6614
199,2019-06-16,2,16.6614
200,2019-06-17,2,16.263
201,2019-06-18,2,16.263
202,2019-06-19,2,16.263
203,2019-06-20,2,16.263
204,2019-06-21,2,16.6614
205,2019-06-22,2,16.263
206,2019-06-23,2,16.263
207,2019-06-24,2,16.263
208,2019-06-25,2,16.263
209,2019-06-26,2,16.263
210,2019-06-27,2,16.263
211,2019-06-28,2,16.263
212,2019-06-29,2,16.263
213,2019-06-30,2,16.263
214,2019-05-01,2,18.722
215,2019-05-02,2,18.3008
216,2019-05-03,2,18.3008
217,2019-05-04,2,17.8841
218,2019-05-05,2,18.3008
219,2019-05-06,2,17.8841
220,2019-05-07,2,17.8841
221,2019-05-08,2,17.472
222,2019-05-09,2,17.472
223,2019-05-10,2,17.8841
224,2019-05-11,2,17.472
225,2019-05-12,2,17.472
226,2019-05-13,2,17.472
227,2019-05-14,2,17.472
228,2019-05-15,2,17.0644
229,2019-05-16,2,17.472
230,2019-05-17,2,17.8841
231,2019-05-18,2,18.3008
232,2019-05-19,2,18.3008
233,2019-05-20,2,18.3008
234,2019-05-21,2,18.722
235,2019-05-22,2,18.3008
236,2019-05-23,2,17.8841
237,2019-05-24,2,17.472
238,2019-05-25,2,17.472
239,2019-05-26,2,17.472
240,2019-05-27,2,17.0644
241,2019-05-28,2,17.0644
242,2019-05-29,2,17.0644
243,2019-05-30,2,17.0644
244,2019-05-31,2,16.6614
245,2019-04-01,2,38.6403
246,2019-04-02,2,39.2394
247,2019-04-03,2,36.8693
248,2019-04-04,2,32.8905
249,2019-04-05,2,28.6075
250,2019-04-06,2,24.6086
251,2019-04-07,2,22.2545
252,2019-04-08,2,21.3443
253,2019-04-09,2,21.3443
254,2019-04-10,2,24.1288
255,2019-04-11,2,28.0921
256,2019-04-12,2,26.0748
257,2019-04-13,2,26.0748
258,2019-04-14,2,24.6086
259,2019-04-15,2,24.1288
260,2019-04-16,2,24.1288
261,2019-04-17,2,24.6086
262,2019-04-18,2,25.0929
263,2019-04-19,2,24.1288
264,2019-04-20,2,23.1827
265,2019-04-21,2,22.2545
266,2019-04-22,2,22.2545
267,2019-04-23,2,21.7971
268,2019-04-24,2,21.7971
269,2019-04-25,2,21.3443
270,2019-04-26,2,21.3443
271,2019-04-27,2,20.8959
272,2019-04-28,2,20.0128
273,2019-04-29,2,19.1477
274,2019-04-30,2,19.1477
275,2019-03-01,2,24.6086
276,2019-03-02,2,24.6086
277,2019-03-03,2,23.1827
278,2019-03-04,2,24.1288
279,2019-03-05,2,26.5724
280,2019-03-06,2,26.0748
281,2019-03-07,2,25.5816
282,2019-03-08,2,24.6086
283,2019-03-09,2,23.6535
284,2019-03-10,2,21.3443
285,2019-03-11,2,20.8959
286,2019-03-12,2,20.4521
287,2019-03-13,2,20.4521
288,2019-03-14,2,20.8959
289,2019-03-15,2,20.4521
290,2019-03-16,2,20.0128
291,2019-03-17,2,20.0128
292,2019-03-18,2,20.8959
293,2019-03-19,2,21.7971
294,2019-03-20,2,22.7164
295,2019-03-21,2,22.7164
296,2019-03-22,2,23.6535
297,2019-03-23,2,25.0929
298,2019-03-24,2,26.5724
299,2019-03-25,2,42.3001
300,2019-03-26,2,32.3396
301,2019-03-27,2,32.3396
302,2019-03-28,2,33.4457
303,2019-03-29,2,34.5693
304,2019-03-30,2,35.7106
305,2019-03-31,2,37.4553
306,2019-02-01,2,17.472
307,2019-02-02,2,17.0644
308,2019-02-03,2,17.0644
309,2019-02-04,2,17.0644
310,2019-02-05,2,17.0644
311,2019-02-06,2,17.472
312,2019-02-07,2,18.3008
313,2019-02-08,2,18.722
314,2019-02-09,2,19.578
315,2019-02-10,2,20.8959
316,2019-02-11,2,21.3443
317,2019-02-12,2,21.7971
318,2019-02-13,2,21.3443
319,2019-02-14,2,21.3443
320,2019-02-15,2,21.3443
321,2019-02-16,2,20.4521
322,2019-02-17,2,21.3443
323,2019-02-18,2,20.8959
324,2019-02-19,2,21.3443
325,2019-02-20,2,22.2545
326,2019-02-21,2,21.7971
327,2019-02-22,2,22.2545
328,2019-02-23,2,21.7971
329,2019-02-24,2,21.7971
330,2019-02-25,2,21.3443
331,2019-02-26,2,22.2545
332,2019-02-27,2,23.1827
333,2019-02-28,2,24.1288
334,2019-01-01,2,22.7164
335,2019-01-02,2,23.1827
336,2019-01-03,2,22.7164
337,2019-01-04,2,22.2545
338,2019-01-05,2,22.2545
339,2019-01-06,2,21.3443
340,2019-01-07,2,20.4521
341,2019-01-08,2,20.0128
342,2019-01-09,2,19.578
343,2019-01-10,2,19.1477
344,2019-01-11,2,19.1477
345,2019-01-12,2,19.1477
346,2019-01-13,2,19.1477
347,2019-01-14,2,18.722
348,2019-01-15,2,19.578
349,2019-01-16,2,18.722
350,2019-01-17,2,18.722
351,2019-01-18,2,18.722
352,2019-01-19,2,18.722
353,2019-01-20,2,18.3008
354,2019-01-21,2,18.3008
355,2019-01-22,2,17.8841
356,2019-01-23,2,17.472
357,2019-01-24,2,17.8841
358,2019-01-25,2,17.8841
359,2019-01-26,2,17.8841
360,2019-01-27,2,17.8841
361,2019-01-28,2,17.8841
362,2019-01-29,2,17.8841
363,2019-01-30,2,17.8841
364,2019-01-31,2,17.472
365,2018-12-01,2,24.6086
366,2018-12-02,2,24.6086
367,2018-12-03,2,25.0929
368,2018-12-04,2,22.7164
369,2018-12-05,2,22.2545
370,2018-12-06,2,24.6086
371,2018-12-07,2,25.0929
372,2018-12-08,2,23.6535
373,2018-12-09,2,24.6086
374,2018-12-10,2,24.1288
375,2018-12-11,2,26.0748
376,2018-12-12,2,24.6086
377,2018-12-13,2,24.6086
378,2018-12-14,2,23.6535
379,2018-12-15,2,23.6535
380,2018-12-16,2,22.7164
381,2018-12-17,2,23.6535
382,2018-12-18,2,22.2545
383,2018-12-19,2,21.3443
384,2018-12-20,2,20.8959
385,2018-12-21,2,20.4521
386,2018-12-22,2,20.4521
387,2018-12-23,2,20.0128
388,2018-12-24,2,19.578
389,2018-12-25,2,20.0128
390,2018-12-26,2,20.4521
391,2018-12-27,2,20.8959
392,2018-12-28,2,20.8959
393,2018-12-29,2,20.8959
394,2018-12-30,2,21.7971
395,2018-12-31,2,21.7971
396,2018-11-01,2,23.6535
397,2018-11-02,2,23.4226
398,2018-11-03,2,22.0277
399,2018-11-04,2,23.4226
400,2018-11-05,2,24.3751
401,2018-11-06,2,24.858
402,2018-11-07,2,26.3338
403,2018-11-08,2,28.3641
404,2018-11-09,2,29.9336
405,2018-11-10,2,32.6383
406,2018-11-11,2,35.4535
407,2018-11-12,2,37.1955
408,2018-11-13,2,39.5797
409,2018-11-14,2,41.4137
410,2018-11-15,2,40.798
411,2018-11-16,2,42.3001
412,2018-11-17,2,24.6086
413,2018-11-18,2,23.6535
414,2018-11-19,2,24.1288
415,2018-11-20,2,23.6535
416,2018-11-21,2,24.6086
417,2018-11-22,2,22.7164
418,2018-11-23,2,24.1288
419,2018-11-24,2,26.5724
420,2018-11-25,2,24.1288
421,2018-11-26,2,22.7164
422,2018-11-27,2,24.6086
423,2018-11-28,2,26.0748
424,2018-11-29,2,23.1827
425,2018-11-30,2,25.0929
426,2018-10-01,2,15.8691
427,2018-10-02,2,15.8691
428,2018-10-03,2,15.8691
429,2018-10-04,2,15.8691
430,2018-10-05,2,15.8691
431,2018-10-06,2,15.8691
432,2018-10-07,2,15.8691
433,2018-10-08,2,15.8691
434,2018-10-09,2,15.8691
435,2018-10-10,2,15.4799
436,2018-10-11,2,15.4799
437,2018-10-12,2,15.4799
438,2018-10-13,2,15.4799
439,2018-10-14,2,15.4799
440,2018-10-15,2,15.4799
441,2018-10-16,2,19.578
442,2018-10-17,2,17.8841
443,2018-10-18,2,18.3008
444,2018-10-19,2,17.8841
445,2018-10-20,2,17.8841
446,2018-10-21,2,20.8959
447,2018-10-22,2,20.4521
448,2018-10-23,2,20.8959
449,2018-10-24,2,20.4521
450,2018-10-25,2,20.8959
451,2018-10-26,2,21.3443
452,2018-10-27,2,21.3443
453,2018-10-28,2,23.1827
454,2018-10-29,2,22.2545
455,2018-10-30,2,23.1827
456,2018-10-31,2,23.1827
457,2018-09-01,2,14.715
458,2018-09-02,2,14.715
459,2018-09-03,2,14.715
460,2018-09-04,2,14.715
461,2018-09-05,2,14.715
462,2018-09-06,2,14.715
463,2018-09-07,2,14.715
464,2018-09-08,2,14.715
465,2018-09-09,2,14.715
466,2018-09-10,2,14.715
467,2018-09-11,2,15.0951
468,2018-09-12,2,16.263
469,2018-09-13,2,16.263
470,2018-09-14,2,16.263
471,2018-09-15,2,16.263
472,2018-09-16,2,16.263
473,2018-09-17,2,16.263
474,2018-09-18,2,16.263
475,2018-09-19,2,16.263
476,2018-09-20,2,16.263
477,2018-09-21,2,16.263
478,2018-09-22,2,16.263
479,2018-09-23,2,16.263
480,2018-09-24,2,16.263
481,2018-09-25,2,15.8691
482,2018-09-26,2,16.263
483,2018-09-27,2,15.8691
484,2018-09-28,2,15.8691
485,2018-09-29,2,15.8691
486,2018-09-30,2,15.8691
487,2018-08-01,2,15.4799
488,2018-08-02,2,15.4799
489,2018-08-03,2,15.4799
490,2018-08-04,2,15.4799
491,2018-08-05,2,15.4799
492,2018-08-06,2,15.4799
493,2018-08-07,2,15.4799
494,2018-08-08,2,15.8691
495,2018-08-09,2,15.8691
496,2018-08-10,2,15.8691
497,2018-08-11,2,15.4799
498,2018-08-12,2,15.4799
499,2018-08-13,2,15.4799
500,2018-08-14,2,15.0951
501,2018-08-15,2,15.4799
502,2018-08-16,2,15.4799
503,2018-08-17,2,15.4799
504,2018-08-18,2,16.263
505,2018-08-19,2,16.263
506,2018-08-20,2,16.263
507,2018-08-21,2,16.6614
508,2018-08-22,2,15.8691
509,2018-08-23,2,15.8691
510,2018-08-24,2,15.4799
511,2018-08-25,2,15.0951
512,2018-08-26,2,15.0951
513,2018-08-27,2,15.8691
514,2018-08-28,2,15.0951
515,2018-08-29,2,14.715
516,2018-08-30,2,14.715
517,2018-08-31,2,14.715
518,2018-07-01,2,15.8691
519,2018-07-02,2,15.8691
520,2018-07-03,2,15.8691
521,2018-07-04,2,15.8691
522,2018-07-05,2,15.4799
523,2018-07-06,2,15.8691
524,2018-07-07,2,15.4799
525,2018-07-08,2,15.8691
526,2018-07-09,2,15.8691
527,2018-07-10,2,15.4799
528,2018-07-11,2,15.4799
529,2018-07-12,2,15.4799
530,2018-07-13,2,15.4799
531,2018-07-14,2,15.4799
532,2018-07-15,2,15.4799
533,2018-07-16,2,15.4799
534,2018-07-17,2,15.4799
535,2018-07-18,2,15.4799
536,2018-07-19,2,15.4799
537,2018-07-20,2,15.4799
538,2018-07-21,2,15.4799
539,2018-07-22,2,15.4799
540,2018-07-23,2,15.4799
541,2018-07-24,2,15.4799
542,2018-07-25,2,15.4799
543,2018-07-26,2,15.4799
544,2018-07-27,2,15.4799
545,2018-07-28,2,15.4799
546,2018-07-29,2,15.4799
547,2018-07-30,2,15.4799
548,2018-07-31,2,15.4799
549,2018-06-01,2,16.6614
550,2018-06-02,2,16.6614
551,2018-06-03,2,16.6614
552,2018-06-04,2,17.0644
553,2018-06-05,2,17.0644
554,2018-06-06,2,16.6614
555,2018-06-07,2,16.6614
556,2018-06-08,2,16.6614
557,2018-06-09,2,16.6614
558,2018-06-10,2,16.6614
559,2018-06-11,2,16.6614
560,2018-06-12,2,16.6614
561,2018-06-13,2,16.6614
562,2018-06-14,2,16.6614
563,2018-06-15,2,16.6614
564,2018-06-16,2,16.263
565,2018-06-17,2,16.263
566,2018-06-18,2,16.6614
567,2018-06-19,2,16.6614
568,2018-06-20,2,17.0644
569,2018-06-21,2,17.0644
570,2018-06-22,2,16.6614
571,2018-06-23,2,16.6614
572,2018-06-24,2,16.263
573,2018-06-25,2,16.6614
574,2018-06-26,2,16.263
575,2018-06-27,2,15.8691
576,2018-06-28,2,15.8691
577,2018-06-29,2,15.8691
578,2018-06-30,2,15.8691
579,2018-05-01,2,17.8841
580,2018-05-02,2,17.8841
581,2018-05-03,2,17.8841
582,2018-05-04,2,17.8841
583,2018-05-05,2,17.8841
584,2018-05-06,2,17.8841
585,2018-05-07,2,17.8841
586,2018-05-08,2,17.8841
587,2018-05-09,2,17.472
588,2018-05-10,2,17.472
589,2018-05-11,2,17.472
590,2018-05-12,2,17.472
591,2018-05-13,2,17.0644
592,2018-05-14,2,17.0644
593,2018-05-15,2,17.472
594,2018-05-16,2,17.472
595,2018-05-17,2,17.0644
596,2018-05-18,2,17.0644
597,2018-05-19,2,17.0644
598,2018-05-20,2,17.0644
599,2018-05-21,2,17.0644
600,2018-05-22,2,17.0644
601,2018-05-23,2,17.472
602,2018-05-24,2,17.472
603,2018-05-25,2,17.472
604,2018-05-26,2,17.0644
605,2018-05-27,2,17.0644
606,2018-05-28,2,16.6614
607,2018-05-29,2,16.6614
608,2018-05-30,2,17.0644
609,2018-05-31,2,17.0644
610,2018-04-01,2,27.0746
611,2018-04-02,2,25.5816
612,2018-04-03,2,25.0929
613,2018-04-04,2,24.6086
614,2018-04-05,2,24.6086
615,2018-04-06,2,26.5724
616,2018-04-07,2,26.0748
617,2018-04-08,2,25.0929
618,2018-04-09,2,24.6086
619,2018-04-10,2,26.0748
620,2018-04-11,2,27.0746
621,2018-04-12,2,27.5811
622,2018-04-13,2,28.6075
623,2018-04-14,2,29.1274
624,2018-04-15,2,30.1805
625,2018-04-16,2,23.6535
626,2018-04-17,2,21.7971
627,2018-04-18,2,20.8959
628,2018-04-19,2,20.0128
629,2018-04-20,2,20.0128
630,2018-04-21,2,19.1477
631,2018-04-22,2,19.1477
632,2018-04-23,2,19.1477
633,2018-04-24,2,18.722
634,2018-04-25,2,18.722
635,2018-04-26,2,18.722
636,2018-04-27,2,18.3008
637,2018-04-28,2,18.3008
638,2018-04-29,2,18.3008
639,2018-04-30,2,18.3008
640,2018-03-01,2,30.1805
641,2018-03-02,2,28.6075
642,2018-03-03,2,26.5724
643,2018-03-04,2,24.6086
644,2018-03-05,2,23.1827
645,2018-03-06,2,21.7971
646,2018-03-07,2,23.1827
647,2018-03-08,2,23.6535
648,2018-03-09,2,25.5816
649,2018-03-10,2,28.0921
650,2018-03-11,2,27.5811
651,2018-03-12,2,30.7136
652,2018-03-13,2,33.4457
653,2018-03-14,2,29.1274
654,2018-03-15,2,28.0921
655,2018-03-16,2,27.0746
656,2018-03-17,2,26.5724
657,2018-03-18,2,25.5816
658,2018-03-19,2,25.5816
659,2018-03-20,2,26.5724
660,2018-03-21,2,28.0921
661,2018-03-22,2,27.5811
662,2018-03-23,2,27.0746
663,2018-03-24,2,29.1274
664,2018-03-25,2,30.1805
665,2018-03-26,2,30.7136
666,2018-03-27,2,30.7136
667,2018-03-28,2,30.7136
668,2018-03-29,2,30.7136
669,2018-03-30,2,30.1805
670,2018-03-31,2,29.1274
671,2018-02-01,2,21.7971
672,2018-02-02,2,21.7971
673,2018-02-03,2,22.7164
674,2018-02-04,2,28.6075
675,2018-02-05,2,33.4457
676,2018-02-06,2,32.8905
677,2018-02-07,2,33.4457
678,2018-02-08,2,30.7136
679,2018-02-09,2,41.6793
680,2018-02-10,2,33.4457
681,2018-02-11,2,32.8905
682,2018-02-12,2,30.7136
683,2018-02-13,2,28.6075
684,2018-02-14,2,27.5811
685,2018-02-15,2,26.5724
686,2018-02-16,2,24.6086
687,2018-02-17,2,22.7164
688,2018-02-18,2,21.7971
689,2018-02-19,2,21.3443
690,2018-02-20,2,20.8959
691,2018-02-21,2,21.7971
692,2018-02-22,2,27.5811
693,2018-02-23,2,25.5816
694,2018-02-24,2,27.5811
695,2018-02-25,2,28.6075
696,2018-02-26,2,32.8905
697,2018-02-27,2,30.7136
698,2018-02-28,2,31.2512
699,2018-01-01,2,19.1477
700,2018-01-02,2,19.578
701,2018-01-03,2,20.4521
702,2018-01-04,2,20.4521
703,2018-01-05,2,21.7971
704,2018-01-06,2,24.6086
705,2018-01-07,2,25.5816
706,2018-01-08,2,24.6086
707,2018-01-09,2,23.1827
708,2018-01-10,2,22.7164
709,2018-01-11,2,21.3443
710,2018-01-12,2,20.0128
711,2018-01-13,2,19.578
712,2018-01-14,2,19.578
713,2018-01-15,2,19.578
714,2018-01-16,2,20.4521
715,2018-01-17,2,21.3443
716,2018-01-18,2,20.8959
717,2018-01-19,2,20.4521
718,2018-01-20,2,19.578
719,2018-01-21,2,19.1477
720,2018-01-22,2,18.722
721,2018-01-23,2,18.3008
722,2018-01-24,2,17.8841
723,2018-01-25,2,17.8841
724,2018-01-26,2,18.3008
725,2018-01-27,2,19.1477
726,2018-01-28,2,19.1477
727,2018-01-29,2,24.6086
728,2018-01-30,2,21.7971
729,2018-01-31,2,22.7164
730,2017-12-01,2,23.1827
731,2017-12-02,2,22.7164
732,2017-12-03,2,22.7164
733,2017-12-04,2,23.1827
734,2017-12-05,2,22.2545
735,2017-12-06,2,21.3443
736,2017-12-07,2,20.8959
737,2017-12-08,2,20.4521
738,2017-12-09,2,21.3443
739,2017-12-10,2,20.0128
740,2017-12-11,2,21.3443
741,2017-12-12,2,21.3443
742,2017-12-13,2,22.7164
743,2017-12-14,2,22.7164
744,2017-12-15,2,24.1288
745,2017-12-16,2,23.6535
746,2017-12-17,2,23.1827
747,2017-12-18,2,23.1827
748,2017-12-19,2,22.2545
749,2017-12-20,2,21.7971
750,2017-12-21,2,20.8959
751,2017-12-22,2,20.4521
752,2017-12-23,2,20.0128
753,2017-12-24,2,19.578
754,2017-12-25,2,20.0128
755,2017-12-26,2,19.578
756,2017-12-27,2,19.578
757,2017-12-28,2,19.1477
758,2017-12-29,2,18.722
759,2017-12-30,2,18.722
760,2017-12-31,2,18.722
761,2017-11-01,2,16.6614
762,2017-11-02,2,19.1477
763,2017-11-03,2,17.8841
764,2017-11-04,2,17.8841
765,2017-11-05,2,17.472
766,2017-11-06,2,17.0644
767,2017-11-07,2,19.578
768,2017-11-08,2,19.578
769,2017-11-09,2,20.0128
770,2017-11-10,2,20.8959
771,2017-11-11,2,20.4521
772,2017-11-12,2,21.7971
773,2017-11-13,2,22.2545
774,2017-11-14,2,22.2545
775,2017-11-15,2,23.6535
776,2017-11-16,2,23.1827
777,2017-11-17,2,22.7164
778,2017-11-18,2,22.7164
779,2017-11-19,2,22.7164
780,2017-11-20,2,22.7164
781,2017-11-21,2,23.6535
782,2017-11-22,2,22.7164
783,2017-11-23,2,21.7971
784,2017-11-24,2,21.7971
785,2017-11-25,2,21.3443
786,2017-11-26,2,20.8959
787,2017-11-27,2,21.7971
788,2017-11-28,2,21.7971
789,2017-11-29,2,22.2545
790,2017-11-30,2,22.7164
791,2017-10-01,2,16.263
792,2017-10-02,2,15.8691
793,2017-10-03,2,16.263
794,2017-10-04,2,15.8691
795,2017-10-05,2,15.8691
796,2017-10-06,2,15.8691
797,2017-10-07,2,15.4799
798,2017-10-08,2,15.4799
799,2017-10-09,2,15.8691
800,2017-10-10,2,15.8691
801,2017-10-11,2,15.4799
802,2017-10-12,2,15.4799
803,2017-10-13,2,15.4799
804,2017-10-14,2,15.4799
805,2017-10-15,2,15.4799
806,2017-10-16,2,15.4799
807,2017-10-17,2,15.4799
808,2017-10-18,2,15.0951
809,2017-10-19,2,15.4799
810,2017-10-20,2,15.4799
811,2017-10-21,2,15.4799
812,2017-10-22,2,15.4799
813,2017-10-23,2,15.4799
814,2017-10-24,2,15.0951
815,2017-10-25,2,15.0951
816,2017-10-26,2,15.4799
817,2017-10-27,2,14.3395
818,2017-10-28,2,15.4799
819,2017-10-29,2,15.4799
820,2017-10-30,2,16.263
821,2017-10-31,2,16.263
822,2017-09-01,2,16.263
823,2017-09-02,2,16.263
824,2017-09-03,2,16.263
825,2017-09-04,2,16.263
826,2017-09-05,2,16.263
827,2017-09-06,2,16.263
828,2017-09-07,2,16.263
829,2017-09-08,2,16.263
830,2017-09-09,2,16.263
831,2017-09-10,2,16.263
832,2017-09-11,2,16.263
833,2017-09-12,2,15.8691
834,2017-09-13,2,15.8691
835,2017-09-14,2,16.263
836,2017-09-15,2,15.8691
837,2017-09-16,2,15.8691
838,2017-09-17,2,15.8691
839,2017-09-18,2,15.8691
840,2017-09-19,2,15.8691
841,2017-09-20,2,16.263
842,2017-09-21,2,15.8691
843,2017-09-22,2,15.8691
844,2017-09-23,2,15.8691
845,2017-09-24,2,15.8691
846,2017-09-25,2,16.263
847,2017-09-26,2,15.4799
848,2017-09-27,2,15.8691
849,2017-09-28,2,15.8691
850,2017-09-29,2,16.263
851,2017-09-30,2,16.263
852,2017-08-01,2,16.6614
853,2017-08-02,2,16.6614
854,2017-08-03,2,16.6614
855,2017-08-04,2,16.6614
856,2017-08-05,2,17.0644
857,2017-08-06,2,17.0644
858,2017-08-07,2,16.6614
859,2017-08-08,2,16.6614
860,2017-08-09,2,16.6614
861,2017-08-10,2,16.6614
862,2017-08-11,2,16.6614
863,2017-08-12,2,16.6614
864,2017-08-13,2,16.263
865,2017-08-14,2,16.263
866,2017-08-15,2,16.6614
867,2017-08-16,2,16.6614
868,2017-08-17,2,16.6614
869,2017-08-18,2,16.6614
870,2017-08-19,2,16.6614
871,2017-08-20,2,16.6614
872,2017-08-21,2,16.263
873,2017-08-22,2,16.6614
874,2017-08-23,2,16.6614
875,2017-08-24,2,16.263
876,2017-08-25,2,15.8691
877,2017-08-26,2,16.6614
878,2017-08-27,2,16.263
879,2017-08-28,2,16.263
880,2017-08-29,2,16.263
881,2017-08-30,2,16.263
882,2017-08-31,2,16.263
883,2017-07-01,2,17.0644
884,2017-07-02,2,17.0644
885,2017-07-03,2,17.0644
886,2017-07-04,2,17.0644
887,2017-07-05,2,17.0644
888,2017-07-06,2,17.0644
889,2017-07-07,2,17.0644
890,2017-07-08,2,17.0644
891,2017-07-09,2,17.0644
892,2017-07-10,2,17.0644
893,2017-07-11,2,17.0644
894,2017-07-12,2,17.0644
895,2017-07-13,2,16.6614
896,2017-07-14,2,17.0644
897,2017-07-15,2,17.0644
898,2017-07-16,2,17.0644
899,2017-07-17,2,17.0644
900,2017-07-18,2,16.6614
901,2017-07-19,2,17.0644
902,2017-07-20,2,17.0644
903,2017-07-21,2,17.0644
904,2017-07-22,2,17.0644
905,2017-07-23,2,16.263
906,2017-07-24,2,17.0644
907,2017-07-25,2,16.6614
908,2017-07-26,2,16.6614
909,2017-07-27,2,16.6614
910,2017-07-28,2,16.6614
911,2017-07-29,2,16.6614
912,2017-07-30,2,16.6614
913,2017-07-31,2,16.6614
914,2017-06-01,2,19.578
915,2017-06-02,2,19.578
916,2017-06-03,2,19.1477
917,2017-06-04,2,19.1477
918,2017-06-05,2,19.1477
919,2017-06-06,2,19.1477
920,2017-06-07,2,19.1477
921,2017-06-08,2,19.1477
922,2017-06-09,2,18.722
923,2017-06-10,2,19.1477
924,2017-06-11,2,18.722
925,2017-06-12,2,19.1477
926,2017-06-13,2,18.722
927,2017-06-14,2,18.722
928,2017-06-15,2,18.722
929,2017-06-16,2,18.722
930,2017-06-17,2,18.3008
931,2017-06-18,2,18.722
932,2017-06-19,2,18.722
933,2017-06-20,2,18.3008
934,2017-06-21,2,18.3008
935,2017-06-22,2,18.3008
936,2017-06-23,2,18.3008
937,2017-06-24,2,17.472
938,2017-06-25,2,17.0644
939,2017-06-26,2,17.8841
940,2017-06-27,2,17.472
941,2017-06-28,2,17.0644
942,2017-06-29,2,17.0644
943,2017-06-30,2,17.472
944,2017-05-01,2,20.0128
945,2017-05-02,2,20.0128
946,2017-05-03,2,20.0128
947,2017-05-04,2,20.0128
948,2017-05-05,2,20.0128
949,2017-05-06,2,20.0128
950,2017-05-07,2,20.0128
951,2017-05-08,2,20.0128
952,2017-05-09,2,20.0128
953,2017-05-10,2,20.0128
954,2017-05-11,2,20.0128
955,2017-05-12,2,20.0128
956,2017-05-13,2,20.0128
957,2017-05-14,2,20.0128
958,2017-05-15,2,19.578
959,2017-05-16,2,19.578
960,2017-05-17,2,19.578
961,2017-05-18,2,19.578
962,2017-05-19,2,20.0128
963,2017-05-20,2,20.4521
964,2017-05-21,2,21.7971
965,2017-05-22,2,22.7164
966,2017-05-23,2,22.2545
967,2017-05-24,2,22.2545
968,2017-05-25,2,21.7971
969,2017-05-26,2,20.8959
970,2017-05-27,2,20.4521
971,2017-05-28,2,20.0128
972,2017-05-29,2,20.0128
973,2017-05-30,2,20.0128
974,2017-05-31,2,19.578
975,2017-04-01,2,28.0921
976,2017-04-02,2,28.6075
977,2017-04-03,2,29.6517
978,2017-04-04,2,33.4457
979,2017-04-05,2,35.7106
980,2017-04-06,2,37.4553
981,2017-04-07,2,38.0456
982,2017-04-08,2,39.2394
983,2017-04-09,2,38.6403
984,2017-04-10,2,35.1378
985,2017-04-11,2,31.2512
986,2017-04-12,2,27.5811
987,2017-04-13,2,24.1288
988,2017-04-14,2,23.1827
989,2017-04-15,2,22.7164
990,2017-04-16,2,22.2545
991,2017-04-17,2,21.7971
992,2017-04-18,2,21.3443
993,2017-04-19,2,20.8959
994,2017-04-20,2,21.3443
995,2017-04-21,2,20.8959
996,2017-04-22,2,20.8959
997,2017-04-23,2,21.7971
998,2017-04-24,2,21.3443
999,2017-04-25,2,21.3443
1000,2017-04-26,2,20.8959
1001,2017-04-27,2,20.8959
1002,2017-04-28,2,20.8959
1003,2017-04-29,2,20.4521
1004,2017-04-30,2,20.4521
1005,2017-03-01,2,22.7164
1006,2017-03-02,2,22.7164
1007,2017-03-03,2,22.7164
1008,2017-03-04,2,22.2545
1009,2017-03-05,2,21.7971
1010,2017-03-06,2,21.7971
1011,2017-03-07,2,21.3443
1012,2017-03-08,2,20.8959
1013,2017-03-09,2,20.0128
1014,2017-03-10,2,19.578
1015,2017-03-11,2,19.578
1016,2017-03-12,2,19.1477
1017,2017-03-13,2,19.1477
1018,2017-03-14,2,19.1477
1019,2017-03-15,2,19.1477
1020,2017-03-16,2,18.722
1021,2017-03-17,2,19.1477
1022,2017-03-18,2,19.578
1023,2017-03-19,2,20.0128
1024,2017-03-20,2,20.8959
1025,2017-03-21,2,20.0128
1026,2017-03-22,2,20.0128
1027,2017-03-23,2,20.4521
1028,2017-03-24,2,20.0128
1029,2017-03-25,2,20.0128
1030,2017-03-26,2,20.4521
1031,2017-03-27,2,20.8959
1032,2017-03-28,2,20.4521
1033,2017-03-29,2,20.4521
1034,2017-03-30,2,21.7971
1035,2017-03-31,2,25.5816
1036,2017-02-01,2,20.4521
1037,2017-02-02,2,20.4521
1038,2017-02-03,2,20.8959
1039,2017-02-04,2,22.2545
1040,2017-02-05,2,23.1827
1041,2017-02-06,2,26.0748
1042,2017-02-07,2,27.0746
1043,2017-02-08,2,26.0748
1044,2017-02-09,2,26.5724
1045,2017-02-10,2,27.0746
1046,2017-02-11,2,28.6075
1047,2017-02-12,2,28.6075
1048,2017-02-13,2,27.5811
1049,2017-02-14,2,27.5811
1050,2017-02-15,2,27.0746
1051,2017-02-16,2,28.0921
1052,2017-02-17,2,28.6075
1053,2017-02-18,2,29.1274
1054,2017-02-19,2,29.6517
1055,2017-02-20,2,29.6517
1056,2017-02-21,2,27.5811
1057,2017-02-22,2,24.6086
1058,2017-02-23,2,22.7164
1059,2017-02-24,2,22.2545
1060,2017-02-25,2,21.3443
1061,2017-02-26,2,21.3443
1062,2017-02-27,2,22.2545
1063,2017-02-28,2,23.1827
1064,2017-01-01,2,18.3008
1065,2017-01-02,2,18.3008
1066,2017-01-03,2,18.3008
1067,2017-01-04,2,18.3008
1068,2017-01-05,2,18.3008
1069,2017-01-06,2,18.3008
1070,2017-01-07,2,19.1477
1071,2017-01-08,2,18.722
1072,2017-01-09,2,18.3008
1073,2017-01-10,2,18.3008
1074,2017-01-11,2,17.8841
1075,2017-01-12,2,17.8841
1076,2017-01-13,2,17.8841
1077,2017-01-14,2,17.8841
1078,2017-01-15,2,20.4521
1079,2017-01-16,2,21.7971
1080,2017-01-17,2,21.7971
1081,2017-01-18,2,21.3443
1082,2017-01-19,2,20.8959
1083,2017-01-20,2,20.4521
1084,2017-01-21,2,20.8959
1085,2017-01-22,2,20.8959
1086,2017-01-23,2,21.3443
1087,2017-01-24,2,20.8959
1088,2017-01-25,2,22.7164
1089,2017-01-26,2,22.7164
1090,2017-01-27,2,21.3443
1091,2017-01-28,2,21.3443
1092,2017-01-29,2,20.4521
1093,2017-01-30,2,20.8959
1094,2017-01-31,2,20.4521
1095,2016-12-01,2,20.8959
1096,2016-12-02,2,20.4521
1097,2016-12-03,2,20.0128
1098,2016-12-04,2,20.0128
1099,2016-12-05,2,20.4521
1100,2016-12-06,2,20.8959
1101,2016-12-07,2,20.8959
1102,2016-12-08,2,22.2545
1103,2016-12-09,2,24.1288
1104,2016-12-10,2,22.2545
1105,2016-12-11,2,21.7971
1106,2016-12-12,2,21.7971
1107,2016-12-13,2,22.2545
1108,2016-12-14,2,22.7164
1109,2016-12-15,2,24.6086
1110,2016-12-16,2,25.0929
1111,2016-12-17,2,25.0929
1112,2016-12-18,2,24.6086
1113,2016-12-19,2,23.1827
1114,2016-12-20,2,22.2545
1115,2016-12-21,2,21.3443
1116,2016-12-22,2,20.8959
1117,2016-12-23,2,20.4521
1118,2016-12-24,2,20.0128
1119,2016-12-25,2,19.578
1120,2016-12-26,2,19.1477
1121,2016-12-27,2,18.722
1122,2016-12-28,2,18.722
1123,2016-12-29,2,18.3008
1124,2016-12-30,2,18.3008
1125,2016-12-31,2,18.3008
1126,2016-11-01,2,17.8841
1127,2016-11-02,2,17.8841
1128,2016-11-03,2,17.472
1129,2016-11-04,2,17.472
1130,2016-11-05,2,17.0644
1131,2016-11-06,2,17.0644
1132,2016-11-07,2,17.0644
1133,2016-11-08,2,16.6614
1134,2016-11-09,2,17.0644
1135,2016-11-10,2,17.472
1136,2016-11-11,2,17.8841
1137,2016-11-12,2,18.3008
1138,2016-11-13,2,20.8959
1139,2016-11-14,2,20.8959
1140,2016-11-15,2,21.7971
1141,2016-11-16,2,22.2545
1142,2016-11-17,2,35.1378
1143,2016-11-18,2,34.5693
1144,2016-11-19,2,30.1805
1145,2016-11-20,2,34.5693
1146,2016-11-21,2,32.3396
1147,2016-11-22,2,32.3396
1148,2016-11-23,2,30.1805
1149,2016-11-24,2,27.5811
1150,2016-11-25,2,26.0748
1151,2016-11-26,2,24.6086
1152,2016-11-27,2,23.6535
1153,2016-11-28,2,22.7164
1154,2016-11-29,2,21.3443
1155,2016-11-30,2,20.8959
1156,2016-10-01,2,20.0128
1157,2016-10-02,2,20.0128
1158,2016-10-03,2,19.1477
1159,2016-10-04,2,18.3008
1160,2016-10-05,2,18.722
1161,2016-10-06,2,19.1477
1162,2016-10-07,2,18.722
1163,2016-10-08,2,18.722
1164,2016-10-09,2,18.3008
1165,2016-10-10,2,17.8841
1166,2016-10-11,2,17.8841
1167,2016-10-12,2,17.8841
1168,2016-10-13,2,17.8841
1169,2016-10-14,2,17.0644
1170,2016-10-15,2,17.472
1171,2016-10-16,2,17.0644
1172,2016-10-17,2,16.6614
1173,2016-10-18,2,16.6614
1174,2016-10-19,2,16.6614
1175,2016-10-20,2,16.6614
1176,2016-10-21,2,17.0644
1177,2016-10-22,2,17.472
1178,2016-10-23,2,17.8841
1179,2016-10-24,2,18.722
1180,2016-10-25,2,19.578
1181,2016-10-26,2,20.0128
1182,2016-10-27,2,19.1477
1183,2016-10-28,2,19.1477
1184,2016-10-29,2,18.3008
1185,2016-10-30,2,18.722
1186,2016-10-31,2,18.3008
1187,2016-09-01,2,16.263
1188,2016-09-02,2,16.263
1189,2016-09-03,2,16.263
1190,2016-09-04,2,16.263
1191,2016-09-05,2,16.263
1192,2016-09-06,2,16.263
1193,2016-09-07,2,16.263
1194,2016-09-08,2,16.263
1195,2016-09-09,2,15.4799
1196,2016-09-10,2,15.8691
1197,2016-09-11,2,16.263
1198,2016-09-12,2,16.263
1199,2016-09-13,2,16.263
1200,2016-09-14,2,15.4799
1201,2016-09-15,2,16.263
1202,2016-09-16,2,16.263
1203,2016-09-17,2,16.263
1204,2016-09-18,2,16.263
1205,2016-09-19,2,16.263
1206,2016-09-20,2,16.263
1207,2016-09-21,2,16.263
1208,2016-09-22,2,16.263
1209,2016-09-23,2,16.263
1210,2016-09-24,2,16.6614
1211,2016-09-25,2,17.0644
1212,2016-09-26,2,17.8841
1213,2016-09-27,2,18.722
1214,2016-09-28,2,19.578
1215,2016-09-29,2,20.0128
1216,2016-09-30,2,20.0128
1217,2016-08-01,2,16.263
1218,2016-08-02,2,16.6614
1219,2016-08-03,2,16.6614
1220,2016-08-04,2,16.6614
1221,2016-08-05,2,16.6614
1222,2016-08-06,2,17.0644
1223,2016-08-07,2,17.0644
1224,2016-08-08,2,17.472
1225,2016-08-09,2,17.472
1226,2016-08-10,2,17.0644
1227,2016-08-11,2,17.0644
1228,2016-08-12,2,17.0644
1229,2016-08-13,2,17.0644
1230,2016-08-14,2,17.0644
1231,2016-08-15,2,17.0644
1232,2016-08-16,2,17.0644
1233,2016-08-17,2,17.0644
1234,2016-08-18,2,17.0644
1235,2016-08-19,2,17.0644
1236,2016-08-20,2,17.0644
1237,2016-08-21,2,16.6614
1238,2016-08-22,2,16.6614
1239,2016-08-23,2,17.0644
1240,2016-08-24,2,17.472
1241,2016-08-25,2,16.263
1242,2016-08-26,2,16.6614
1243,2016-08-27,2,16.6614
1244,2016-08-28,2,16.6614
1245,2016-08-29,2,16.263
1246,2016-08-30,2,16.263
1247,2016-08-31,2,16.263
1248,2016-07-01,2,17.0644
1249,2016-07-02,2,17.0644
1250,2016-07-03,2,17.0644
1251,2016-07-04,2,17.0644
1252,2016-07-05,2,17.0644
1253,2016-07-06,2,17.0644
1254,2016-07-07,2,17.0644
1255,2016-07-08,2,17.0644
1256,2016-07-09,2,17.0644
1257,2016-07-10,2,16.6614
1258,2016-07-11,2,16.6614
1259,2016-07-12,2,16.6614
1260,2016-07-13,2,16.6614
1261,2016-07-14,2,17.0644
1262,2016-07-15,2,17.0644
1263,2016-07-16,2,16.6614
1264,2016-07-17,2,16.6614
1265,2016-07-18,2,16.6614
1266,2016-07-19,2,16.6614
1267,2016-07-20,2,16.6614
1268,2016-07-21,2,16.263
1269,2016-07-22,2,16.6614
1270,2016-07-23,2,16.6614
1271,2016-07-24,2,16.6614
1272,2016-07-25,2,16.6614
1273,2016-07-26,2,16.6614
1274,2016-07-27,2,16.6614
1275,2016-07-28,2,16.6614
1276,2016-07-29,2,16.263
1277,2016-07-30,2,16.6614
1278,2016-07-31,2,16.6614
1279,2016-06-01,2,17.0644
1280,2016-06-02,2,16.6614
1281,2016-06-03,2,16.6614
1282,2016-06-04,2,17.0644
1283,2016-06-05,2,16.6614
1284,2016-06-06,2,16.6614
1285,2016-06-07,2,16.6614
1286,2016-06-08,2,16.6614
1287,2016-06-09,2,16.6614
1288,2016-06-10,2,16.263
1289,2016-06-11,2,17.8841
1290,2016-06-12,2,17.0644
1291,2016-06-13,2,17.8841
1292,2016-06-14,2,18.3008
1293,2016-06-15,2,17.8841
1294,2016-06-16,2,17.8841
1295,2016-06-17,2,18.3008
1296,2016-06-18,2,17.8841
1297,2016-06-19,2,17.8841
1298,2016-06-20,2,17.472
1299,2016-06-21,2,17.0644
1300,2016-06-22,2,17.0644
1301,2016-06-23,2,17.0644
1302,2016-06-24,2,17.0644
1303,2016-06-25,2,17.0644
1304,2016-06-26,2,17.0644
1305,2016-06-27,2,17.0644
1306,2016-06-28,2,17.0644
1307,2016-06-29,2,17.0644
1308,2016-06-30,2,17.0644
1309,2016-05-01,2,17.8841
1310,2016-05-02,2,17.8841
1311,2016-05-03,2,17.8841
1312,2016-05-04,2,18.3008
1313,2016-05-05,2,17.8841
1314,2016-05-06,2,17.8841
1315,2016-05-07,2,17.472
1316,2016-05-08,2,17.472
1317,2016-05-09,2,17.472
1318,2016-05-10,2,17.472
1319,2016-05-11,2,17.472
1320,2016-05-12,2,17.472
1321,2016-05-13,2,17.0644
1322,2016-05-14,2,17.0644
1323,2016-05-15,2,17.0644
1324,2016-05-16,2,17.0644
1325,2016-05-17,2,17.0644
1326,2016-05-18,2,17.0644
1327,2016-05-19,2,17.0644
1328,2016-05-20,2,17.0644
1329,2016-05-21,2,16.6614
1330,2016-05-22,2,17.0644
1331,2016-05-23,2,16.6614
1332,2016-05-24,2,17.0644
1333,2016-05-25,2,16.6614
1334,2016-05-26,2,16.6614
1335,2016-05-27,2,17.0644
1336,2016-05-28,2,16.6614
1337,2016-05-29,2,17.0644
1338,2016-05-30,2,17.0644
1339,2016-05-31,2,16.6614
1340,2016-04-01,2,21.7971
1341,2016-04-02,2,20.8959
1342,2016-04-03,2,21.3443
1343,2016-04-04,2,21.3443
1344,2016-04-05,2,20.8959
1345,2016-04-06,2,20.4521
1346,2016-04-07,2,19.578
1347,2016-04-08,2,19.1477
1348,2016-04-09,2,19.1477
1349,2016-04-10,2,18.722
1350,2016-04-11,2,18.722
1351,2016-04-12,2,19.578
1352,2016-04-13,2,19.578
1353,2016-04-14,2,19.578
1354,2016-04-15,2,19.578
1355,2016-04-16,2,19.578
1356,2016-04-17,2,19.1477
1357,2016-04-18,2,19.1477
1358,2016-04-19,2,18.722
1359,2016-04-20,2,18.3008
1360,2016-04-21,2,17.8841
1361,2016-04-22,2,17.8841
1362,2016-04-23,2,17.8841
1363,2016-04-24,2,17.472
1364,2016-04-25,2,17.8841
1365,2016-04-26,2,17.8841
1366,2016-04-27,2,17.8841
1367,2016-04-28,2,17.8841
1368,2016-04-29,2,17.8841
1369,2016-04-30,2,17.8841
1370,2016-03-01,2,19.578
1371,2016-03-02,2,19.1477
1372,2016-03-03,2,19.1477
1373,2016-03-04,2,19.1477
1374,2016-03-05,2,19.1477
1375,2016-03-06,2,20.4521
1376,2016-03-07,2,20.8959
1377,2016-03-08,2,21.7971
1378,2016-03-09,2,24.6086
1379,2016-03-10,2,26.0748
1380,2016-03-11,2,26.0748
1381,2016-03-12,2,27.5811
1382,2016-03-13,2,27.5811
1383,2016-03-14,2,27.0746
1384,2016-03-15,2,26.0748
1385,2016-03-16,2,25.5816
1386,2016-03-17,2,25.0929
1387,2016-03-18,2,24.6086
1388,2016-03-19,2,23.1827
1389,2016-03-20,2,22.7164
1390,2016-03-21,2,22.7164
1391,2016-03-22,2,22.2545
1392,2016-03-23,2,23.6535
1393,2016-03-24,2,23.6535
1394,2016-03-25,2,23.6535
1395,2016-03-26,2,22.7164
1396,2016-03-27,2,23.1827
1397,2016-03-28,2,23.6535
1398,2016-03-29,2,22.2545
1399,2016-03-30,2,21.3443
1400,2016-03-31,2,22.2545
1401,2016-02-01,2,35.7106
1402,2016-02-02,2,34.5693
1403,2016-02-03,2,31.7932
1404,2016-02-04,2,30.1805
1405,2016-02-05,2,29.1274
1406,2016-02-06,2,27.5811
1407,2016-02-07,2,25.5816
1408,2016-02-08,2,24.6086
1409,2016-02-09,2,25.0929
1410,2016-02-10,2,23.6535
1411,2016-02-11,2,22.7164
1412,2016-02-12,2,21.3443
1413,2016-02-13,2,22.2545
1414,2016-02-14,2,22.2545
1415,2016-02-15,2,24.1288
1416,2016-02-16,2,24.6086
1417,2016-02-17,2,24.6086
1418,2016-02-18,2,24.1288
1419,2016-02-19,2,23.6535
1420,2016-02-20,2,22.7164
1421,2016-02-21,2,21.3443
1422,2016-02-22,2,20.8959
1423,2016-02-23,2,20.4521
1424,2016-02-24,2,20.4521
1425,2016-02-25,2,20.0128
1426,2016-02-26,2,20.0128
1427,2016-02-27,2,19.578
1428,2016-02-28,2,19.578
1429,2016-02-29,2,19.1477
1430,2016-01-01,2,19.1477
1431,2016-01-02,2,19.1477
1432,2016-01-03,2,22.7164
1433,2016-01-04,2,20.4521
1434,2016-01-05,2,20.0128
1435,2016-01-06,2,29.6517
1436,2016-01-07,2,25.0929
1437,2016-01-08,2,25.5816
1438,2016-01-09,2,24.6086
1439,2016-01-10,2,24.6086
1440,2016-01-11,2,25.5816
1441,2016-01-12,2,27.5811
1442,2016-01-13,2,28.0921
1443,2016-01-14,2,27.5811
1444,2016-01-15,2,30.1805
1445,2016-01-16,2,29.1274
1446,2016-01-17,2,30.1805
1447,2016-01-18,2,30.7136
1448,2016-01-19,2,32.3396
1449,2016-01-20,2,46.7676
1450,2016-01-21,2,40.4506
1451,2016-01-22,2,40.4506
1452,2016-01-23,2,42.3001
1453,2016-01-24,2,41.0628
1454,2016-01-25,2,41.0628
1455,2016-01-26,2,47.4231
1456,2016-01-27,2,50.0884
1457,2016-01-28,2,44.1887
1458,2016-01-29,2,42.9253
1459,2016-01-30,2,41.0628
1460,2016-01-31,2,36.8693
1461,2015-12-01,2,21.7971
1462,2015-12-02,2,21.3443
1463,2015-12-03,2,20.8959
1464,2015-12-04,2,20.4521
1465,2015-12-05,2,19.578
1466,2015-12-06,2,20.0128
1467,2015-12-07,2,20.4521
1468,2015-12-08,2,20.4521
1469,2015-12-09,2,20.0128
1470,2015-12-10,2,20.4521
1471,2015-12-11,2,20.8959
1472,2015-12-12,2,20.0128
1473,2015-12-13,2,19.578
1474,2015-12-14,2,19.1477
1475,2015-12-15,2,19.1477
1476,2015-12-16,2,19.1477
1477,2015-12-17,2,18.722
1478,2015-12-18,2,18.722
1479,2015-12-19,2,18.722
1480,2015-12-20,2,18.3008
1481,2015-12-21,2,18.722
1482,2015-12-22,2,19.1477
1483,2015-12-23,2,18.722
1484,2015-12-24,2,18.722
1485,2015-12-25,2,18.3008
1486,2015-12-26,2,18.3008
1487,2015-12-27,2,18.3008
1488,2015-12-28,2,19.1477
1489,2015-12-29,2,19.1477
1490,2015-12-30,2,19.578
1491,2015-12-31,2,19.578
1492,2015-11-01,2,19.1477
1493,2015-11-02,2,19.1477
1494,2015-11-03,2,19.1477
1495,2015-11-04,2,18.722
1496,2015-11-05,2,18.722
1497,2015-11-06,2,18.3008
1498,2015-11-07,2,17.8841
1499,2015-11-08,2,17.8841
1500,2015-11-09,2,17.472
1501,2015-11-10,2,17.8841
1502,2015-11-11,2,17.472
1503,2015-11-12,2,17.472
1504,2015-11-13,2,17.0644
1505,2015-11-14,2,17.0644
1506,2015-11-15,2,17.472
1507,2015-11-16,2,17.472
1508,2015-11-17,2,19.578
1509,2015-11-18,2,19.1477
1510,2015-11-19,2,18.722
1511,2015-11-20,2,20.0128
1512,2015-11-21,2,20.0128
1513,2015-11-22,2,20.4521
1514,2015-11-23,2,20.8959
1515,2015-11-24,2,27.0746
1516,2015-11-25,2,23.6535
1517,2015-11-26,2,24.6086
1518,2015-11-27,2,23.6535
1519,2015-11-28,2,23.6535
1520,2015-11-29,2,24.1288
1521,2015-11-30,2,23.1827
1522,2015-10-01,2,18.3008
1523,2015-10-02,2,18.3008
1524,2015-10-03,2,17.8841
1525,2015-10-04,2,17.8841
1526,2015-10-05,2,17.8841
1527,2015-10-06,2,17.472
1528,2015-10-07,2,18.3008
1529,2015-10-08,2,18.722
1530,2015-10-09,2,18.722
1531,2015-10-10,2,18.722
1532,2015-10-11,2,18.722
1533,2015-10-12,2,18.722
1534,2015-10-13,2,18.722
1535,2015-10-14,2,18.722
1536,2015-10-15,2,18.722
1537,2015-10-16,2,18.3008
1538,2015-10-17,2,18.3008
1539,2015-10-18,2,18.722
1540,2015-10-19,2,17.472
1541,2015-10-20,2,18.3008
1542,2015-10-21,2,18.3008
1543,2015-10-22,2,18.3008
1544,2015-10-23,2,18.3008
1545,2015-10-24,2,18.722
1546,2015-10-25,2,18.3008
1547,2015-10-26,2,17.8841
1548,2015-10-27,2,17.8841
1549,2015-10-28,2,18.3008
1550,2015-10-29,2,17.8841
1551,2015-10-30,2,18.3008
1552,2015-10-31,2,19.1477
1553,2015-09-01,2,17.7248
1554,2015-09-02,2,19.36
1555,2015-09-03,2,18.3008
1556,2015-09-04,2,19.36
1557,2015-09-05,2,19.7933
1558,2015-09-06,2,19.7933
1559,2015-09-07,2,19.7933
1560,2015-09-08,2,19.7933
1561,2015-09-09,2,19.7933
1562,2015-09-10,2,17.472
1563,2015-09-11,2,17.472
1564,2015-09-12,2,17.472
1565,2015-09-13,2,17.8841
1566,2015-09-14,2,19.1477
1567,2015-09-15,2,17.2618
1568,2015-09-16,2,17.2618
1569,2015-09-17,2,17.2618
1570,2015-09-18,2,17.2618
1571,2015-09-19,2,16.8558
1572,2015-09-20,2,18.3008
1573,2015-09-21,2,18.3008
1574,2015-09-22,2,18.3008
1575,2015-09-23,2,18.3008
1576,2015-09-24,2,18.3008
1577,2015-09-25,2,18.3008
1578,2015-09-26,2,18.3008
1579,2015-09-27,2,18.3008
1580,2015-09-28,2,17.472
1581,2015-09-29,2,18.722
1582,2015-09-30,2,18.3008
1583,2015-08-01,2,18.9002
1584,2015-08-02,2,18.8832
1585,2015-08-03,2,18.845
1586,2015-08-04,2,18.811
1587,2015-08-05,2,18.845
1588,2015-08-06,2,18.811
1589,2015-08-07,2,19.0238
1590,2015-08-08,2,18.9513
1591,2015-08-09,2,18.9173
1592,2015-08-10,2,18.794
1593,2015-08-11,2,18.7771
1594,2015-08-12,2,18.828
1595,2015-08-13,2,18.9513
1596,2015-08-14,2,18.862
1597,2015-08-15,2,18.9343
1598,2015-08-16,2,18.6331
1599,2015-08-17,2,18.794
1600,2015-08-18,2,18.722
1601,2015-08-19,2,18.722
1602,2015-08-20,2,19.7933
1603,2015-08-21,2,20.2311
1604,2015-08-22,2,20.6735
1605,2015-08-23,2,21.1204
1606,2015-08-24,2,21.5718
1607,2015-08-25,2,19.7933
1608,2015-08-26,2,19.7933
1609,2015-08-27,2,19.7933
1610,2015-08-28,2,19.7933
1611,2015-08-29,2,19.7933
1612,2015-08-30,2,18.3008
1613,2015-08-31,2,18.3008
1614,2015-07-01,2,20.5272
1615,2015-07-02,2,20.2143
1616,2015-07-03,2,20.3066
1617,2015-07-04,2,20.1397
1618,2015-07-05,2,20.0303
1619,2015-07-06,2,19.8514
1620,2015-07-07,2,19.9778
1621,2015-07-08,2,19.9778
1622,2015-07-09,2,19.8514
1623,2015-07-10,2,20.1047
1624,2015-07-11,2,20.0478
1625,2015-07-12,2,20.0872
1626,2015-07-13,2,19.8514
1627,2015-07-14,2,19.7774
1628,2015-07-15,2,19.8514
1629,2015-07-16,2,19.8122
1630,2015-07-17,2,19.7427
1631,2015-07-18,2,20.0128
1632,2015-07-19,2,19.8296
1633,2015-07-20,2,20.1573
1634,2015-07-21,2,19.7036
1635,2015-07-22,2,19.4873
1636,2015-07-23,2,19.4355
1637,2015-07-24,2,19.182
1638,2015-07-25,2,18.9684
1639,2015-07-26,2,19.0964
1640,2015-07-27,2,19.0238
1641,2015-07-28,2,18.7559
1642,2015-07-29,2,18.794
1643,2015-07-30,2,18.8832
1644,2015-07-31,2,19.0409
1645,2015-06-01,2,20.8603
1646,2015-06-02,2,20.7668
1647,2015-06-03,2,20.749
1648,2015-06-04,2,20.6912
1649,2015-06-05,2,20.638
1650,2015-06-06,2,20.6202
1651,2015-06-07,2,20.5096
1652,2015-06-08,2,20.6557
1653,2015-06-09,2,20.6912
1654,2015-06-10,2,20.638
1655,2015-06-11,2,20.4344
1656,2015-06-12,2,20.5449
1657,2015-06-13,2,20.5981
1658,2015-06-14,2,20.5096
1659,2015-06-15,2,20.4874
1660,2015-06-16,2,20.4344
1661,2015-06-17,2,20.2143
1662,2015-06-18,2,20.3419
1663,2015-06-19,2,20.2143
1664,2015-06-20,2,20.1222
1665,2015-06-21,2,20.1047
1666,2015-06-22,2,20.0128
1667,2015-06-23,2,20.1968
1668,2015-06-24,2,20.1222
1669,2015-06-25,2,20.1573
1670,2015-06-26,2,20.1573
1671,2015-06-27,2,20.1222
1672,2015-06-28,2,20.1047
1673,2015-06-29,2,20.1573
1674,2015-06-30,2,20.1222
1675,2015-05-01,2,25.3562
1676,2015-05-02,2,26.4277
1677,2015-05-03,2,26.5325
1678,2015-05-04,2,25.9709
1679,2015-05-05,2,25.1123
1680,2015-05-06,2,24.9714
1681,2015-05-07,2,25.3758
1682,2015-05-08,2,25.9511
1683,2015-05-09,2,26.5724
1684,2015-05-10,2,25.7045
1685,2015-05-11,2,23.5354
1686,2015-05-12,2,22.8697
1687,2015-05-13,2,22.3695
1688,2015-05-14,2,22.4295
1689,2015-05-15,2,22.2913
1690,2015-05-16,2,22.3327
1691,2015-05-17,2,22.2913
1692,2015-05-18,2,22.1994
1693,2015-05-19,2,21.9111
1694,2015-05-20,2,21.9887
1695,2015-05-21,2,21.4932
1696,2015-05-22,2,21.5339
1697,2015-05-23,2,21.0255
1698,2015-05-24,2,21.3443
1699,2015-05-25,2,20.8781
1700,2015-05-26,2,20.9718
1701,2015-05-27,2,20.7312
1702,2015-05-28,2,21.0076
1703,2015-05-29,2,21.1958
1704,2015-05-30,2,21.0658
1705,2015-05-31,2,20.9138
1706,2015-04-01,2,23.2436
1707,2015-04-02,2,22.4664
1708,2015-04-03,2,22.1397
1709,2015-04-04,2,21.9293
1710,2015-04-05,2,22.007
1711,2015-04-06,2,21.7971
1712,2015-04-07,2,21.7789
1713,2015-04-08,2,22.949
1714,2015-04-09,2,22.3695
1715,2015-04-10,2,22.2729
1716,2015-04-11,2,22.3143
1717,2015-04-12,2,22.7767
1718,2015-04-13,2,22.5449
1719,2015-04-14,2,21.7426
1720,2015-04-15,2,22.9676
1721,2015-04-16,2,22.5218
1722,2015-04-17,2,22.0436
1723,2015-04-18,2,22.3511
1724,2015-04-19,2,22.8139
1725,2015-04-20,2,22.9117
1726,2015-04-21,2,25.3367
1727,2015-04-22,2,24.3874
1728,2015-04-23,2,24.8696
1729,2015-04-24,2,23.3611
1730,2015-04-25,2,22.3143
1731,2015-04-26,2,23.3611
1732,2015-04-27,2,23.6535
1733,2015-04-28,2,24.1097
1734,2015-04-29,2,26.055
1735,2015-04-30,2,25.054
1736,2015-03-01,2,28.2875
1737,2015-03-02,2,26.1144
1738,2015-03-03,2,25.054
1739,2015-03-04,2,24.6086
1740,2015-03-05,2,24.6906
1741,2015-03-06,2,24.3874
1742,2015-03-07,2,23.3188
1743,2015-03-08,2,22.5218
1744,2015-03-09,2,22.6792
1745,2015-03-10,2,23.3
1746,2015-03-11,2,23.5732
1747,2015-03-12,2,22.1994
1748,2015-03-13,2,22.388
1749,2015-03-14,2,22.3327
1750,2015-03-15,2,21.8928
1751,2015-03-16,2,21.7789
1752,2015-03-17,2,21.3804
1753,2015-03-18,2,21.1196
1754,2015-03-19,2,21.1958
1755,2015-03-20,2,21.8336
1756,2015-03-21,2,24.2292
1757,2015-03-22,2,26.1789
1758,2015-03-23,2,26.4077
1759,2015-03-24,2,25.8918
1760,2015-03-25,2,26.4476
1761,2015-03-26,2,26.8883
1762,2015-03-27,2,27.0947
1763,2015-03-28,2,27.1402
1764,2015-03-29,2,27.1149
1765,2015-03-30,2,26.9889
1766,2015-03-31,2,25.1367
1767,2015-02-01,2,20.3066
1768,2015-02-02,2,20.1222
1769,2015-02-03,2,20.5804
1770,2015-02-04,2,20.0696
1771,2015-02-05,2,20.4874
1772,2015-02-06,2,23.3376
1773,2015-02-07,2,22.9117
1774,2015-02-08,2,24.0906
1775,2015-02-09,2,24.2867
1776,2015-02-10,2,23.6535
1777,2015-02-11,2,23.2812
1778,2015-02-12,2,22.582
1779,2015-02-13,2,22.1397
1780,2015-02-14,2,21.5702
1781,2015-02-15,2,21.1196
1782,2015-02-16,2,20.6912
1783,2015-02-17,2,20.3595
1784,2015-02-18,2,20.9316
1785,2015-02-19,2,22.388
1786,2015-02-20,2,23.9524
1787,2015-02-21,2,24.2867
1788,2015-02-22,2,24.5075
1789,2015-02-23,2,24.0906
1790,2015-02-24,2,24.2101
1791,2015-02-25,2,23.9096
1792,2015-02-26,2,23.164
1793,2015-02-27,2,23.6157
1794,2015-02-28,2,24.0477
1795,2015-01-01,2,21.9887
1796,2015-01-02,2,21.5158
1797,2015-01-03,2,22.007
1798,2015-01-04,2,21.2138
1799,2015-01-05,2,21.4029
1800,2015-01-06,2,21.3804
1801,2015-01-07,2,21.2228
1802,2015-01-08,2,21.0703
1803,2015-01-09,2,20.7045
1804,2015-01-10,2,20.8603
1805,2015-01-11,2,20.749
1806,2015-01-12,2,20.8959
1807,2015-01-13,2,20.749
1808,2015-01-14,2,20.3595
1809,2015-01-15,2,20.3595
1810,2015-01-16,2,20.1792
1811,2015-01-17,2,20.3066
1812,2015-01-18,2,20.5449
1813,2015-01-19,2,20.1222
1814,2015-01-20,2,20.1968
1815,2015-01-21,2,20.1968
1816,2015-01-22,2,20.2319
1817,2015-01-23,2,20.3242
1818,2015-01-24,2,20.289
1819,2015-01-25,2,20.3992
1820,2015-01-26,2,20.2311
1821,2015-01-27,2,20.2311
1822,2015-01-28,2,21.2138
1823,2015-01-29,2,20.9897
1824,2015-01-30,2,20.7668
1825,2015-01-31,2,20.5096
1826,2014-12-01,2,26.0748
1827,2014-12-02,2,26.3629
1828,2014-12-03,2,25.3758
1829,2014-12-04,2,23.4364
1830,2014-12-05,2,22.6375
1831,2014-12-06,2,22.3695
1832,2014-12-07,2,22.8325
1833,2014-12-08,2,25.2781
1834,2014-12-09,2,26.1789
1835,2014-12-10,2,25.9511
1836,2014-12-11,2,25.8178
1837,2014-12-12,2,26.2634
1838,2014-12-13,2,26.6375
1839,2014-12-14,2,31.2081
1840,2014-12-15,2,28.8877
1841,2014-12-16,2,29.6307
1842,2014-12-17,2,29.4992
1843,2014-12-18,2,27.4541
1844,2014-12-19,2,26.7377
1845,2014-12-20,2,25.8671
1846,2014-12-21,2,25.8079
1847,2014-12-22,2,26.2634
1848,2014-12-23,2,26.2385
1849,2014-12-24,2,25.5423
1850,2014-12-25,2,24.4883
1851,2014-12-26,2,24.0906
1852,2014-12-27,2,24.0096
1853,2014-12-28,2,23.6157
1854,2014-12-29,2,23.5543
1855,2014-12-30,2,22.5033
1856,2014-12-31,2,22.1764
1857,2014-11-01,2,20.1783
1858,2014-11-02,2,20.1959
1859,2014-11-03,2,20.4517
1860,2014-11-04,2,20.6379
1861,2014-11-05,2,20.6379
1862,2014-11-06,2,20.4517
1863,2014-11-07,2,20.5447
1864,2014-11-08,2,20.2311
1865,2014-11-09,2,20.1783
1866,2014-11-10,2,20.2663
1867,2014-11-11,2,21.3443
1868,2014-11-12,2,21.8746
1869,2014-11-13,2,27.7492
1870,2014-11-14,2,28.4989
1871,2014-11-15,2,27.1402
1872,2014-11-16,2,27.0947
1873,2014-11-17,2,29.2372
1874,2014-11-18,2,27.3273
1875,2014-11-19,2,26.3629
1876,2014-11-20,2,24.9714
1877,2014-11-21,2,24.8889
1878,2014-11-22,2,25.6651
1879,2014-11-23,2,25.6013
1880,2014-11-24,2,25.1756
1881,2014-11-25,2,25.1951
1882,2014-11-26,2,25.4982
1883,2014-11-27,2,25.3562
1884,2014-11-28,2,25.2976
1885,2014-11-29,2,25.1562
1886,2014-11-30,2,25.9313
1887,2014-10-01,2,19.0921
1888,2014-10-02,2,18.9684
1889,2014-10-03,2,19.0579
1890,2014-10-04,2,19.242
1891,2014-10-05,2,18.9142
1892,2014-10-06,2,18.8801
1893,2014-10-07,2,18.8971
1894,2014-10-08,2,18.8801
1895,2014-10-09,2,18.8971
1896,2014-10-10,2,18.8801
1897,2014-10-11,2,18.9312
1898,2014-10-12,2,18.8971
1899,2014-10-13,2,18.9312
1900,2014-10-14,2,18.9653
1901,2014-10-15,2,18.8971
1902,2014-10-16,2,18.8971
1903,2014-10-17,2,18.8077
1904,2014-10-18,2,18.8588
1905,2014-10-19,2,18.8247
1906,2014-10-20,2,18.8588
1907,2014-10-21,2,18.8801
1908,2014-10-22,2,18.8588
1909,2014-10-23,2,18.8801
1910,2014-10-24,2,18.9867
1911,2014-10-25,2,19.2352
1912,2014-10-26,2,19.038
1913,2014-10-27,2,18.9483
1914,2014-10-28,2,19.6498
1915,2014-10-29,2,19.8848
1916,2014-10-30,2,19.9591
1917,2014-10-31,2,20.0861
1918,2014-09-01,2,19.721
1919,2014-09-02,2,19.3623
1920,2014-09-03,2,19.8122
1921,2014-09-04,2,19.9604
1922,2014-09-05,2,19.4873
1923,2014-09-06,2,20.0478
1924,2014-09-07,2,19.5261
1925,2014-09-08,2,19.5261
1926,2014-09-09,2,19.5261
1927,2014-09-10,2,19.7036
1928,2014-09-11,2,19.6863
1929,2014-09-12,2,19.075
1930,2014-09-13,2,19.2549
1931,2014-09-14,2,19.4527
1932,2014-09-15,2,19.1092
1933,2014-09-16,2,19.2549
1934,2014-09-17,2,19.0409
1935,2014-09-18,2,19.2205
1936,2014-09-19,2,19.2549
1937,2014-09-20,2,19.0067
1938,2014-09-21,2,19.4527
1939,2014-09-22,2,18.5825
1940,2014-09-23,2,19.3279
1941,2014-09-24,2,19.6949
1942,2014-09-25,2,19.1306
1943,2014-09-26,2,19.4484
1944,2014-09-27,2,19.272
1945,2014-09-28,2,18.8832
1946,2014-09-29,2,18.862
1947,2014-09-30,2,19.47
1948,2014-08-01,2,21.0434
1949,2014-08-02,2,20.7312
1950,2014-08-03,2,21.1779
1951,2014-08-04,2,21.1196
1952,2014-08-05,2,21.0121
1953,2014-08-06,2,20.8558
1954,2014-08-07,2,20.6735
1955,2014-08-08,2,21.1958
1956,2014-08-09,2,21.0076
1957,2014-08-10,2,21.0076
1958,2014-08-11,2,20.8781
1959,2014-08-12,2,20.6202
1960,2014-08-13,2,20.7846
1961,2014-08-14,2,20.749
1962,2014-08-15,2,21.3623
1963,2014-08-16,2,20.8202
1964,2014-08-17,2,20.3595
1965,2014-08-18,2,21.0255
1966,2014-08-19,2,21.0658
1967,2014-08-20,2,20.1968
1968,2014-08-21,2,21.0255
1969,2014-08-22,2,20.9897
1970,2014-08-23,2,20.5272
1971,2014-08-24,2,20.9138
1972,2014-08-25,2,20.6735
1973,2014-08-26,2,20.4124
1974,2014-08-27,2,20.5804
1975,2014-08-28,2,20.5981
1976,2014-08-29,2,21.3443
1977,2014-08-30,2,20.5626
1978,2014-08-31,2,20.8024
1979,2014-07-01,2,25.9412
1980,2014-07-02,2,
1981,2014-07-03,2,
1982,2014-07-04,2,
1983,2014-07-05,2,
1984,2014-07-06,2,
1985,2014-07-07,2,
1986,2014-07-08,2,
1987,2014-07-09,2,
1988,2014-07-10,2,
1989,2014-07-11,2,
1990,2014-07-12,2,
1991,2014-07-13,2,
1992,2014-07-14,2,
1993,2014-07-15,2,
1994,2014-07-16,2,
1995,2014-07-17,2,
1996,2014-07-18,2,
1997,2014-07-19,2,
1998,2014-07-20,2,
1999,2014-07-21,2,
2000,2014-07-22,2,
2001,2014-07-23,2,
2002,2014-07-24,2,
2003,2014-07-25,2,
2004,2014-07-26,2,
2005,2014-07-27,2,
2006,2014-07-28,2,
2007,2014-07-29,2,
2008,2014-07-30,2,
2009,2014-07-31,2,21.3623
2010,2014-06-01,2,23.5165
2011,2014-06-02,2,23.1452
2012,2014-06-03,2,23.4364
2013,2014-06-04,2,23.7719
2014,2014-06-05,2,23.0844
2015,2014-06-06,2,23.1827
2016,2014-06-07,2,22.6792
2017,2014-06-08,2,22.8139
2018,2014-06-09,2,23.0563
2019,2014-06-10,2,22.0848
2020,2014-06-11,2,23.3611
2021,2014-06-12,2,22.949
2022,2014-06-13,2,22.8139
2023,2014-06-14,2,24.7486
2024,2014-06-15,2,26.1144
2025,2014-06-16,2,26.0352
2026,2014-06-17,2,26.5125
2027,2014-06-18,2,26.3231
2028,2014-06-19,2,26.4875
2029,2014-06-20,2,25.4982
2030,2014-06-21,2,25.6848
2031,2014-06-22,2,25.9313
2032,2014-06-23,2,26.5525
2033,2014-06-24,2,25.8671
2034,2014-06-25,2,26.0352
2035,2014-06-26,2,26.3878
2036,2014-06-27,2,25.9313
2037,2014-06-28,2,26.0352
2038,2014-06-29,2,26.4676
2039,2014-06-30,2,25.7439
2040,2014-05-01,2,25.3123
2041,2014-05-02,2,25.1318
2042,2014-05-03,2,24.8696
2043,2014-05-04,2,24.2675
2044,2014-05-05,2,24.0477
2045,2014-05-06,2,24.191
2046,2014-05-07,2,24.0286
2047,2014-05-08,2,24.3298
2048,2014-05-09,2,24.3298
2049,2014-05-10,2,24.6279
2050,2014-05-11,2,24.3298
2051,2014-05-12,2,24.8115
2052,2014-05-13,2,24.3874
2053,2014-05-14,2,24.8163
2054,2014-05-15,2,24.5267
2055,2014-05-16,2,24.2101
2056,2014-05-17,2,24.3298
2057,2014-05-18,2,24.2867
2058,2014-05-19,2,23.8336
2059,2014-05-20,2,23.6346
2060,2014-05-21,2,23.4364
2061,2014-05-22,2,23.1452
2062,2014-05-23,2,23.6535
2063,2014-05-24,2,23.4552
2064,2014-05-25,2,23.6914
2065,2014-05-26,2,23.4788
2066,2014-05-27,2,23.4552
2067,2014-05-28,2,23.6157
2068,2014-05-29,2,23.3188
2069,2014-05-30,2,23.4788
2070,2014-05-31,2,23.1265
2071,2014-04-01,2,32.6145
2072,2014-04-02,2,32.8241
2073,2014-04-03,2,34.4279
2074,2014-04-04,2,34.191
2075,2014-04-05,2,32.5705
2076,2014-04-06,2,33.0289
2077,2014-04-07,2,31.679
2078,2014-04-08,2,32.3396
2079,2014-04-09,2,34.5693
2080,2014-04-10,2,31.7715
2081,2014-04-11,2,31.5
2082,2014-04-12,2,30.8691
2083,2014-04-13,2,31.3431
2084,2014-04-14,2,30.2495
2085,2014-04-15,2,28.8254
2086,2014-04-16,2,28.3699
2087,2014-04-17,2,28.0716
2088,2014-04-18,2,26.6976
2089,2014-04-19,2,25.6848
2090,2014-04-20,2,26.2634
2091,2014-04-21,2,25.5227
2092,2014-04-22,2,25.4394
2093,2014-04-23,2,24.6086
2094,2014-04-24,2,24.9908
2095,2014-04-25,2,24.4498
2096,2014-04-26,2,24.9326
2097,2014-04-27,2,25.9709
2098,2014-04-28,2,25.5423
2099,2014-04-29,2,25.239
2100,2014-04-30,2,25.2781
2101,2014-03-01,2,21.7198
2102,2014-03-02,2,23.1827
2103,2014-03-03,2,23.1827
2104,2014-03-04,2,22.2545
2105,2014-03-05,2,22.2545
2106,2014-03-06,2,21.5158
2107,2014-03-07,2,21.8746
2108,2014-03-08,2,22.1994
2109,2014-03-09,2,23.0283
2110,2014-03-10,2,23.1827
2111,2014-03-11,2,23.6535
2112,2014-03-12,2,24.1288
2113,2014-03-13,2,23.6535
2114,2014-03-14,2,23.6535
2115,2014-03-15,2,27.307
2116,2014-03-16,2,28.6075
2117,2014-03-17,2,26.5724
2118,2014-03-18,2,25.1951
2119,2014-03-19,2,23.9715
2120,2014-03-20,2,24.6086
2121,2014-03-21,2,24.6086
2122,2014-03-22,2,24.469
2123,2014-03-23,2,24.5075
2124,2014-03-24,2,25.2146
2125,2014-03-25,2,25.4003
2126,2014-03-26,2,26.2187
2127,2014-03-27,2,27.6015
2128,2014-03-28,2,28.3081
2129,2014-03-29,2,28.8773
2130,2014-03-30,2,33.212
2131,2014-03-31,2,31.2296
2132,2014-02-01,2,25.0929
2133,2014-02-02,2,24.0477
2134,2014-02-03,2,23.8811
2135,2014-02-04,2,23.6914
2136,2014-02-05,2,23.2812
2137,2014-02-06,2,23.3376
2138,2014-02-07,2,23.0844
2139,2014-02-08,2,23.2624
2140,2014-02-09,2,22.949
2141,2014-02-10,2,22.8325
2142,2014-02-11,2,22.4664
2143,2014-02-12,2,19.578
2144,2014-02-13,2,19.3623
2145,2014-02-14,2,19.4873
2146,2014-02-15,2,20.4521
2147,2014-02-16,2,20.3595
2148,2014-02-17,2,21.6472
2149,2014-02-18,2,22.7581
2150,2014-02-19,2,22.9816
2151,2014-02-20,2,23.2483
2152,2014-02-21,2,23.033
2153,2014-02-22,2,23.2202
2154,2014-02-23,2,23.1031
2155,2014-02-24,2,23.3611
2156,2014-02-25,2,23.2202
2157,2014-02-26,2,22.6792
2158,2014-02-27,2,22.8139
2159,2014-02-28,2,22.4849
2160,2014-01-01,2,25.4394
2161,2014-01-02,2,
2162,2014-01-03,2,
2163,2014-01-04,2,
2164,2014-01-05,2,
2165,2014-01-06,2,
2166,2014-01-07,2,
2167,2014-01-08,2,26.5724
2168,2014-01-09,2,25.7242
2169,2014-01-10,2,25.562
2170,2014-01-11,2,25.1123
2171,2014-01-12,2,25.3562
2172,2014-01-13,2,26.2385
2173,2014-01-14,2,25.9906
2174,2014-01-15,2,25.1318
2175,2014-01-16,2,24.6472
2176,2014-01-17,2,24.1718
2177,2014-01-18,2,25.2781
2178,2014-01-19,2,25.9313
2179,2014-01-20,2,26.1988
2180,2014-01-21,2,26.3032
2181,2014-01-22,2,26.1988
2182,2014-01-23,2,26.843
2183,2014-01-24,2,26.3032
2184,2014-01-25,2,26.1144
2185,2014-01-26,2,25.562
2186,2014-01-27,2,25.3367
2187,2014-01-28,2,25.7882
2188,2014-01-29,2,25.7439
2189,2014-01-30,2,25.5227
2190,2014-01-31,2,25.3758
2191,2013-12-01,2,20.4521
2192,2013-12-02,2,20.6069
2193,2013-12-03,2,21.5702
2194,2013-12-04,2,21.2498
2195,2013-12-05,2,19.7036
2196,2013-12-06,2,19.9211
2197,2013-12-07,2,18.862
2198,2013-12-08,2,18.1628
2199,2013-12-09,2,19.4873
2200,2013-12-10,2,19.47
2201,2013-12-11,2,20.6912
2202,2013-12-12,2,20.8603
2203,2013-12-13,2,21.5158
2204,2013-12-14,2,24.5508
2205,2013-12-15,2,24.4066
2206,2013-12-16,2,26.3878
2207,2013-12-17,2,27.923
2208,2013-12-18,2,25.2781
2209,2013-12-19,2,23.047
2210,2013-12-20,2,21.1958
2211,2013-12-21,2,21.1196
2212,2013-12-22,2,
2213,2013-12-23,2,22.4664
2214,2013-12-24,2,22.8325
2215,2013-12-25,2,23.1031
2216,2013-12-26,2,23.7151
2217,2013-12-27,2,26.9687
2218,2013-12-28,2,27.1402
2219,2013-12-29,2,26.343
2220,2013-12-30,2,26.0748
2221,2013-12-31,2,25.7882
2222,2013-11-01,2,20.7668
2223,2013-11-02,2,20.9138
2224,2013-11-03,2,20.5626
2225,2013-11-04,2,19.8122
2226,2013-11-05,2,20.3242
2227,2013-11-06,2,20.8959
2228,2013-11-07,2,25.4003
2229,2013-11-08,2,23.047
2230,2013-11-09,2,22.4295
2231,2013-11-10,2,22.9303
2232,2013-11-11,2,23.1265
2233,2013-11-12,2,23.1031
2234,2013-11-13,2,23.2812
2235,2013-11-14,2,23.1452
2236,2013-11-15,2,22.3695
2237,2013-11-16,2,21.8746
2238,2013-11-17,2,21.6064
2239,2013-11-18,2,20.9138
2240,2013-11-19,2,20.6202
2241,2013-11-20,2,20.7668
2242,2013-11-21,2,20.6735
2243,2013-11-22,2,19.6343
2244,2013-11-23,2,20.0128
2245,2013-11-24,2,20.9718
2246,2013-11-25,2,21.3263
2247,2013-11-26,2,25.9116
2248,2013-11-27,2,22.8325
2249,2013-11-28,2,21.5702
2250,2013-11-29,2,21.3083
2251,2013-11-30,2,20.5981
2252,2013-10-01,2,19.578
2253,2013-10-02,2,19.578
2254,2013-10-03,2,19.578
2255,2013-10-04,2,19.1477
2256,2013-10-05,2,19.578
2257,2013-10-06,2,19.578
2258,2013-10-07,2,20.8959
2259,2013-10-08,2,20.4521
2260,2013-10-09,2,20.4521
2261,2013-10-10,2,19.578
2262,2013-10-11,2,20.0128
2263,2013-10-12,2,19.578
2264,2013-10-13,2,19.578
2265,2013-10-14,2,19.578
2266,2013-10-15,2,19.578
2267,2013-10-16,2,20.0128
2268,2013-10-17,2,19.578
2269,2013-10-18,2,20.0128
2270,2013-10-19,2,20.0128
2271,2013-10-20,2,24.6086
2272,2013-10-21,2,24.1288
2273,2013-10-22,2,23.1827
2274,2013-10-23,2,22.7164
2275,2013-10-24,2,22.7164
2276,2013-10-25,2,22.7164
2277,2013-10-26,2,22.2545
2278,2013-10-27,2,21.3443
2279,2013-10-28,2,20.8959
2280,2013-10-29,2,20.4521
2281,2013-10-30,2,20.8959
2282,2013-10-31,2,21.3443
2283,2013-09-01,2,20.2311
2284,2013-09-02,2,21.1204
2285,2013-09-03,2,20.6735
2286,2013-09-04,2,20.6735
2287,2013-09-05,2,20.2311
2288,2013-09-06,2,18.9312
2289,2013-09-07,2,19.578
2290,2013-09-08,2,20.0128
2291,2013-09-09,2,19.578
2292,2013-09-10,2,20.0128
2293,2013-09-11,2,19.578
2294,2013-09-12,2,19.1477
2295,2013-09-13,2,19.578
2296,2013-09-14,2,19.578
2297,2013-09-15,2,19.1477
2298,2013-09-16,2,19.578
2299,2013-09-17,2,19.578
2300,2013-09-18,2,19.578
2301,2013-09-19,2,20.0128
2302,2013-09-20,2,19.578
2303,2013-09-21,2,20.0128
2304,2013-09-22,2,20.4521
2305,2013-09-23,2,20.0128
2306,2013-09-24,2,20.0128
2307,2013-09-25,2,19.578
2308,2013-09-26,2,19.578
2309,2013-09-27,2,20.0128
2310,2013-09-28,2,19.578
2311,2013-09-29,2,19.578
2312,2013-09-30,2,19.578
2313,2013-08-01,2,19.578
2314,2013-08-02,2,20.0128
2315,2013-08-03,2,20.0128
2316,2013-08-04,2,20.0128
2317,2013-08-05,2,20.0128
2318,2013-08-06,2,17.0644
2319,2013-08-07,2,18.722
2320,2013-08-08,2,20.4521
2321,2013-08-09,2,16.6614
2322,2013-08-10,2,18.722
2323,2013-08-11,2,19.1477
2324,2013-08-12,2,18.722
2325,2013-08-13,2,18.3008
2326,2013-08-14,2,17.8841
2327,2013-08-15,2,20.0128
2328,2013-08-16,2,18.3008
2329,2013-08-17,2,19.1477
2330,2013-08-18,2,19.1477
2331,2013-08-19,2,18.3008
2332,2013-08-20,2,21.1204
2333,2013-08-21,2,21.5718
2334,2013-08-22,2,22.0277
2335,2013-08-23,2,22.0277
2336,2013-08-24,2,22.0277
2337,2013-08-25,2,21.5718
2338,2013-08-26,2,21.5718
2339,2013-08-27,2,21.5718
2340,2013-08-28,2,21.5718
2341,2013-08-29,2,20.6735
2342,2013-08-30,2,20.2311
2343,2013-08-31,2,20.2311
2344,2013-07-01,2,
2345,2013-07-02,2,20.655
2346,2013-07-03,2,20.1222
2347,2013-07-04,2,20.2319
2348,2013-07-05,2,20.9331
2349,2013-07-06,2,20.3969
2350,2013-07-07,2,20.5073
2351,2013-07-08,2,20.1405
2352,2013-07-09,2,20.5811
2353,2013-07-10,2,20.5626
2354,2013-07-11,2,20.4521
2355,2013-07-12,2,19.7586
2356,2013-07-13,2,20.0857
2357,2013-07-14,2,20.9145
2358,2013-07-15,2,19.9037
2359,2013-07-16,2,20.6735
2360,2013-07-17,2,
2361,2013-07-18,2,20.0128
2362,2013-07-19,2,20.0128
2363,2013-07-20,2,20.0128
2364,2013-07-21,2,20.0128
2365,2013-07-22,2,20.4521
2366,2013-07-23,2,20.0128
2367,2013-07-24,2,20.0128
2368,2013-07-25,2,20.0128
2369,2013-07-26,2,20.0128
2370,2013-07-27,2,20.0128
2371,2013-07-28,2,20.0128
2372,2013-07-29,2,20.0128
2373,2013-07-30,2,20.0128
2374,2013-07-31,2,20.4521
2375,2013-06-01,2,21.2131
2376,2013-06-02,2,20.8217
2377,2013-06-03,2,20.9517
2378,2013-06-04,2,21.2318
2379,2013-06-05,2,21.3255
2380,2013-06-06,2,21.2693
2381,2013-06-07,2,21.3443
2382,2013-06-08,2,21.2318
2383,2013-06-09,2,20.7475
2384,2013-06-10,2,21.1382
2385,2013-06-11,2,20.6735
2386,2013-06-12,2,20.7846
2387,2013-06-13,2,20.766
2388,2013-06-14,2,20.5626
2389,2013-06-15,2,20.7105
2390,2013-06-16,2,20.0128
2391,2013-06-17,2,20.655
2392,2013-06-18,2,20.4337
2393,2013-06-19,2,20.6735
2394,2013-06-20,2,20.5258
2395,2013-06-21,2,20.8959
2396,2013-06-22,2,20.8031
2397,2013-06-23,2,20.5626
2398,2013-06-24,2,20.692
2399,2013-06-25,2,21.1009
2400,2013-06-26,2,20.2868
2401,2013-06-27,2,20.5996
2402,2013-06-28,2,20.3052
2403,2013-06-29,2,20.3419
2404,2013-06-30,2,
2405,2013-05-01,2,21.4007
2406,2013-05-02,2,21.2693
2407,2013-05-03,2,20.8959
2408,2013-05-04,2,20.6735
2409,2013-05-05,2,20.6365
2410,2013-05-06,2,20.7846
2411,2013-05-07,2,20.9331
2412,2013-05-08,2,20.5996
2413,2013-05-09,2,20.729
2414,2013-05-10,2,20.8774
2415,2013-05-11,2,20.8031
2416,2013-05-12,2,20.7846
2417,2013-05-13,2,20.4889
2418,2013-05-14,2,20.766
2419,2013-05-15,2,20.6365
2420,2013-05-16,2,
2421,2013-05-17,2,20.8959
2422,2013-05-18,2,20.4337
2423,2013-05-19,2,20.8959
2424,2013-05-20,2,20.8588
2425,2013-05-21,2,20.3235
2426,2013-05-22,2,20.2685
2427,2013-05-23,2,21.0076
2428,2013-05-24,2,21.1756
2429,2013-05-25,2,20.9517
2430,2013-05-26,2,21.3819
2431,2013-05-27,2,21.1382
2432,2013-05-28,2,20.9145
2433,2013-05-29,2,
2434,2013-05-30,2,21.1943
2435,2013-05-31,2,21.2131
2436,2013-04-01,2,24.3082
2437,2013-04-02,2,23.7127
2438,2013-04-03,2,23.3979
2439,2013-04-04,2,23.4175
2440,2013-04-05,2,22.8907
2441,2013-04-06,2,21.9872
2442,2013-04-07,2,22.2928
2443,2013-04-08,2,22.2354
2444,2013-04-09,2,22.5234
2445,2013-04-10,2,23.2413
2446,2013-04-11,2,24.689
2447,2013-04-12,2,25.0321
2448,2013-04-13,2,26.0748
2449,2013-04-14,2,25.235
2450,2013-04-15,2,25.0321
2451,2013-04-16,2,25.4998
2452,2013-04-17,2,25.1537
2453,2013-04-18,2,27.4964
2454,2013-04-19,2,27.2851
2455,2013-04-20,2,26.4268
2456,2013-04-21,2,24.8099
2457,2013-04-22,2,24.5283
2458,2013-04-23,2,23.9104
2459,2013-04-24,2,23.7719
2460,2013-04-25,2,25.0524
2461,2013-04-26,2,23.9302
2462,2013-04-27,2,23.1242
2463,2013-04-28,2,22.5234
2464,2013-04-29,2,21.5324
2465,2013-04-30,2,21.6457
2466,2013-03-01,2,27.0325
2467,2013-03-02,2,21.2693
2468,2013-03-03,2,21.9681
2469,2013-03-04,2,21.4571
2470,2013-03-05,2,21.1943
2471,2013-03-06,2,20.8031
2472,2013-03-07,2,20.7846
2473,2013-03-08,2,20.3786
2474,2013-03-09,2,19.6863
2475,2013-03-10,2,21.2131
2476,2013-03-11,2,21.1196
2477,2013-03-12,2,20.0492
2478,2013-03-13,2,21.6646
2479,2013-03-14,2,21.1569
2480,2013-03-15,2,22.2737
2481,2013-03-16,2,22.5812
2482,2013-03-17,2,22.9684
2483,2013-03-18,2,23.3587
2484,2013-03-19,2,23.2804
2485,2013-03-20,2,23.7522
2486,2013-03-21,2,23.9104
2487,2013-03-22,2,26.4684
2488,2013-03-23,2,29.4546
2489,2013-03-24,2,27.3695
2490,2013-03-25,2,24.7494
2491,2013-03-26,2,27.8573
2492,2013-03-27,2,25.9099
2493,2013-03-28,2,24.5685
2494,2013-03-29,2,25.459
2495,2013-03-30,2,25.0524
2496,2013-03-31,2,24.9512
2497,2013-02-01,2,40.8838
2498,2013-02-02,2,42.0927
2499,2013-02-03,2,40.6032
2500,2013-02-04,2,39.1142
2501,2013-02-05,2,36.2395
2502,2013-02-06,2,34.6638
2503,2013-02-07,2,33.9351
2504,2013-02-08,2,31.7252
2505,2013-02-09,2,33.0289
2506,2013-02-10,2,33.5619
2507,2013-02-11,2,33.8416
2508,2013-02-12,2,33.4225
2509,2013-02-13,2,32.4769
2510,2013-02-14,2,31.9294
2511,2013-02-15,2,31.6799
2512,2013-02-16,2,31.1389
2513,2013-02-17,2,31.3863
2514,2013-02-18,2,31.5217
2515,2013-02-19,2,31.8613
2516,2013-02-20,2,30.5799
2517,2013-02-21,2,32.3168
2518,2013-02-22,2,32.1798
2519,2013-02-23,2,31.6573
2520,2013-02-24,2,31.3413
2521,2013-02-25,2,31.0043
2522,2013-02-26,2,30.491
2523,2013-02-27,2,30.669
2524,2013-02-28,2,31.2287
2525,2013-01-01,2,31.1164
2526,2013-01-02,2,30.87
2527,2013-01-03,2,30.669
2528,2013-01-04,2,30.4465
2529,2013-01-05,2,31.0267
2530,2013-01-06,2,31.7706
2531,2013-01-07,2,32.5916
2532,2013-01-08,2,33.0058
2533,2013-01-09,2,32.4998
2534,2013-01-10,2,31.8386
2535,2013-01-11,2,31.9521
2536,2013-01-12,2,33.1213
2537,2013-01-13,2,33.6783
2538,2013-01-14,2,33.376
2539,2013-01-15,2,33.9819
2540,2013-01-16,2,34.9952
2541,2013-01-17,2,35.5909
2542,2013-01-18,2,35.9986
2543,2013-01-19,2,37.1862
2544,2013-01-20,2,38.4912
2545,2013-01-21,2,37.9223
2546,2013-01-22,2,40.3744
2547,2013-01-23,2,40.5778
2548,2013-01-24,2,41.4733
2549,2013-01-25,2,42.6903
2550,2013-01-26,2,43.4496
2551,2013-01-27,2,43.4496
2552,2013-01-28,2,42.9514
2553,2013-01-29,2,41.5762
2554,2013-01-30,2,41.3705
2555,2013-01-31,2,40.9604
2556,2012-12-01,2,38.5161
2557,2012-12-02,2,37.9716
2558,2012-12-03,2,37.0398
2559,2012-12-04,2,36.578
2560,2012-12-05,2,36.6265
2561,2012-12-06,2,35.9746
2562,2012-12-07,2,35.8545
2563,2012-12-08,2,34.9715
2564,2012-12-09,2,34.853
2565,2012-12-10,2,34.9004
2566,2012-12-11,2,34.475
2567,2012-12-12,2,34.0522
2568,2012-12-13,2,32.3854
2569,2012-12-14,2,32.3396
2570,2012-12-15,2,33.4922
2571,2012-12-16,2,34.9952
2572,2012-12-17,2,35.3521
2573,2012-12-18,2,34.1694
2574,2012-12-19,2,32.6375
2575,2012-12-20,2,31.6799
2576,2012-12-21,2,31.2737
2577,2012-12-22,2,30.7806
2578,2012-12-23,2,30.6913
2579,2012-12-24,2,30.5132
2580,2012-12-25,2,30.1141
2581,2012-12-26,2,30.1584
2582,2012-12-27,2,30.0479
2583,2012-12-28,2,30.0479
2584,2012-12-29,2,30.3799
2585,2012-12-30,2,30.7136
2586,2012-12-31,2,30.669
2587,2012-11-01,2,26.5724
2588,2012-11-02,2,27.5599
2589,2012-11-03,2,28.3708
2590,2012-11-04,2,29.8275
2591,2012-11-05,2,31.3638
2592,2012-11-06,2,30.87
2593,2012-11-07,2,33.0058
2594,2012-11-08,2,34.5693
2595,2012-11-09,2,35.5431
2596,2012-11-10,2,36.1913
2597,2012-11-11,2,35.4953
2598,2012-11-12,2,34.9952
2599,2012-11-13,2,35.114
2600,2012-11-14,2,35.8305
2601,2012-11-15,2,36.1431
2602,2012-11-16,2,36.4086
2603,2012-11-17,2,38.4416
2604,2012-11-18,2,44.4541
2605,2012-11-19,2,43.3971
2606,2012-11-20,2,40.0196
2607,2012-11-21,2,39.2644
2608,2012-11-22,2,39.6915
2609,2012-11-23,2,38.2434
2610,2012-11-24,2,37.4308
2611,2012-11-25,2,37.0398
2612,2012-11-26,2,40.8327
2613,2012-11-27,2,42.0927
2614,2012-11-28,2,39.9438
2615,2012-11-29,2,39.7167
2616,2012-11-30,2,37.9963
2617,2012-10-01,2,27.2429
2618,2012-10-02,2,27.1797
2619,2012-10-03,2,26.7393
2620,2012-10-04,2,27.0746
2621,2012-10-05,2,26.6141
2622,2012-10-06,2,26.3853
2623,2012-10-07,2,27.3062
2624,2012-10-08,2,26.3023
2625,2012-10-09,2,26.9696
2626,2012-10-10,2,27.2851
2627,2012-10-11,2,26.9906
2628,2012-10-12,2,27.5387
2629,2012-10-13,2,27.5387
2630,2012-10-14,2,27.4541
2631,2012-10-15,2,27.5387
2632,2012-10-16,2,27.5811
2633,2012-10-17,2,27.4964
2634,2012-10-18,2,28.6507
2635,2012-10-19,2,28.8669
2636,2012-10-20,2,28.8886
2637,2012-10-21,2,27.2429
2638,2012-10-22,2,27.9426
2639,2012-10-23,2,28.2206
2640,2012-10-24,2,27.4118
2641,2012-10-25,2,27.3906
2642,2012-10-26,2,27.1587
2643,2012-10-27,2,26.9696
2644,2012-10-28,2,26.5516
2645,2012-10-29,2,26.635
2646,2012-10-30,2,26.5516
2647,2012-10-31,2,24.0294
2648,2012-09-01,2,27.6235
2649,2012-09-02,2,27.7084
2650,2012-09-03,2,27.4541
2651,2012-09-04,2,27.3273
2652,2012-09-05,2,27.7297
2653,2012-09-06,2,27.0956
2654,2012-09-07,2,27.2008
2655,2012-09-08,2,27.264
2656,2012-09-09,2,26.1574
2657,2012-09-10,2,27.5387
2658,2012-09-11,2,27.5387
2659,2012-09-12,2,27.3695
2660,2012-09-13,2,27.666
2661,2012-09-14,2,26.9906
2662,2012-09-15,2,27.0956
2663,2012-09-16,2,27.3062
2664,2012-09-17,2,27.3695
2665,2012-09-18,2,27.0115
2666,2012-09-19,2,27.3273
2667,2012-09-20,2,27.264
2668,2012-09-21,2,27.6023
2669,2012-09-22,2,27.9
2670,2012-09-23,2,27.7935
2671,2012-09-24,2,27.9213
2672,2012-09-25,2,27.4964
2673,2012-09-26,2,27.264
2674,2012-09-27,2,27.2851
2675,2012-09-28,2,27.5599
2676,2012-09-29,2,27.4329
2677,2012-09-30,2,24.7091
2678,2012-08-01,2,28.3063
2679,2012-08-02,2,28.4352
2680,2012-08-03,2,27.9426
2681,2012-08-04,2,28.3063
2682,2012-08-05,2,28.7587
2683,2012-08-06,2,28.028
2684,2012-08-07,2,28.4137
2685,2012-08-08,2,28.0066
2686,2012-08-09,2,28.4352
2687,2012-08-10,2,28.2849
2688,2012-08-11,2,28.1563
2689,2012-08-12,2,28.0066
2690,2012-08-13,2,27.3695
2691,2012-08-14,2,26.7393
2692,2012-08-15,2,26.7811
2693,2012-08-16,2,27.7084
2694,2012-08-17,2,28.2634
2695,2012-08-18,2,28.2206
2696,2012-08-19,2,28.2634
2697,2012-08-20,2,28.3278
2698,2012-08-21,2,27.8361
2699,2012-08-22,2,27.9853
2700,2012-08-23,2,28.242
2701,2012-08-24,2,27.5599
2702,2012-08-25,2,27.9426
2703,2012-08-26,2,28.0066
2704,2012-08-27,2,28.1991
2705,2012-08-28,2,28.0494
2706,2012-08-29,2,28.028
2707,2012-08-30,2,27.1166
2708,2012-08-31,2,25.3367
2709,2012-07-01,2,26.9906
2710,2012-07-02,2,28.4352
2711,2012-07-03,2,28.5213
2712,2012-07-04,2,28.4568
2713,2012-07-05,2,28.7155
2714,2012-07-06,2,28.6291
2715,2012-07-07,2,28.4783
2716,2012-07-08,2,28.6723
2717,2012-07-09,2,29.0622
2718,2012-07-10,2,28.8886
2719,2012-07-11,2,28.7371
2720,2012-07-12,2,28.7587
2721,2012-07-13,2,27.4964
2722,2012-07-14,2,28.4352
2723,2012-07-15,2,28.1777
2724,2012-07-16,2,28.4998
2725,2012-07-17,2,26.9696
2726,2012-07-18,2,28.5644
2727,2012-07-19,2,28.4137
2728,2012-07-20,2,28.4998
2729,2012-07-21,2,28.4998
2730,2012-07-22,2,27.9
2731,2012-07-23,2,28.1777
2732,2012-07-24,2,28.6507
2733,2012-07-25,2,28.1135
2734,2012-07-26,2,28.4998
2735,2012-07-27,2,28.4137
2736,2012-07-28,2,27.0115
2737,2012-07-29,2,28.2634
2738,2012-07-30,2,28.4352
2739,2012-07-31,2,26.7602
2740,2012-06-01,2,27.3484
2741,2012-06-02,2,29.0839
2742,2012-06-03,2,28.8236
2743,2012-06-04,2,29.0405
2744,2012-06-05,2,29.564
2745,2012-06-06,2,28.4352
2746,2012-06-07,2,28.9753
2747,2012-06-08,2,29.171
2748,2012-06-09,2,28.932
2749,2012-06-10,2,28.8669
2750,2012-06-11,2,28.8453
2751,2012-06-12,2,27.6235
2752,2012-06-13,2,27.3906
2753,2012-06-14,2,28.5429
2754,2012-06-15,2,28.8886
2755,2012-06-16,2,28.8669
2756,2012-06-17,2,28.6291
2757,2012-06-18,2,28.4568
2758,2012-06-19,2,28.6723
2759,2012-06-20,2,29.0622
2760,2012-06-21,2,28.6939
2761,2012-06-22,2,28.8453
2762,2012-06-23,2,28.7155
2763,2012-06-24,2,28.6939
2764,2012-06-25,2,28.242
2765,2012-06-26,2,28.9753
2766,2012-06-27,2,28.1777
2767,2012-06-28,2,27.4541
2768,2012-06-29,2,28.2206
2769,2012-06-30,2,28.6723
2770,2012-05-01,2,24.0294
2771,2012-05-02,2,23.8708
2772,2012-05-03,2,23.851
2773,2012-05-04,2,23.7127
2774,2012-05-05,2,23.5944
2775,2012-05-06,2,24.0692
2776,2012-05-07,2,23.9104
2777,2012-05-08,2,23.8708
2778,2012-05-09,2,23.9501
2779,2012-05-10,2,24.0692
2780,2012-05-11,2,23.9897
2781,2012-05-12,2,24.3882
2782,2012-05-13,2,24.2085
2783,2012-05-14,2,24.1089
2784,2012-05-15,2,24.2085
2785,2012-05-16,2,24.5283
2786,2012-05-17,2,25.5203
2787,2012-05-18,2,25.6225
2788,2012-05-19,2,26.0542
2789,2012-05-20,2,25.766
2790,2012-05-21,2,25.5407
2791,2012-05-22,2,25.684
2792,2012-05-23,2,25.459
2793,2012-05-24,2,25.4998
2794,2012-05-25,2,25.1334
2795,2012-05-26,2,25.0929
2796,2012-05-27,2,25.0119
2797,2012-05-28,2,24.4682
2798,2012-05-29,2,24.6287
2799,2012-05-30,2,24.931
2800,2012-05-31,2,24.5283
2801,2012-04-01,2,26.5308
2802,2012-04-02,2,26.3438
2803,2012-04-03,2,25.766
2804,2012-04-04,2,25.3978
2805,2012-04-05,2,25.235
2806,2012-04-06,2,25.5203
2807,2012-04-07,2,25.174
2808,2012-04-08,2,25.4182
2809,2012-04-09,2,25.2756
2810,2012-04-10,2,25.1334
2811,2012-04-11,2,25.2553
2812,2012-04-12,2,26.3395
2813,2012-04-13,2,26.3395
2814,2012-04-14,2,26.841
2815,2012-04-15,2,26.841
2816,2012-04-16,2,26.3395
2817,2012-04-17,2,25.459
2818,2012-04-18,2,25.0726
2819,2012-04-19,2,23.9104
2820,2012-04-20,2,24.4682
2821,2012-04-21,2,24.4482
2822,2012-04-22,2,24.2484
2823,2012-04-23,2,23.9302
2824,2012-04-24,2,24.2484
2825,2012-04-25,2,24.3082
2826,2012-04-26,2,24.3282
2827,2012-04-27,2,24.1686
2828,2012-04-28,2,24.1686
2829,2012-04-29,2,23.9302
2830,2012-04-30,2,25.2756
2831,2012-03-01,2,26.2195
2832,2012-03-02,2,25.9099
2833,2012-03-03,2,25.9511
2834,2012-03-04,2,25.8071
2835,2012-03-05,2,25.3571
2836,2012-03-06,2,25.7045
2837,2012-03-07,2,25.6225
2838,2012-03-08,2,25.235
2839,2012-03-09,2,25.0929
2840,2012-03-10,2,24.9512
2841,2012-03-11,2,25.5612
2842,2012-03-12,2,25.174
2843,2012-03-13,2,25.4794
2844,2012-03-14,2,25.1132
2845,2012-03-15,2,24.9714
2846,2012-03-16,2,25.4794
2847,2012-03-17,2,25.8893
2848,2012-03-18,2,27.1376
2849,2012-03-19,2,26.8648
2850,2012-03-20,2,29.2363
2851,2012-03-21,2,32.0204
2852,2012-03-22,2,32.8214
2853,2012-03-23,2,33.2601
2854,2012-03-24,2,30.9595
2855,2012-03-25,2,34.0053
2856,2012-03-26,2,32.7064
2857,2012-03-27,2,31.2063
2858,2012-03-28,2,30.736
2859,2012-03-29,2,31.5217
2860,2012-03-30,2,29.3235
2861,2012-03-31,2,27.1587
2862,2012-02-01,2,31.9294
2863,2012-02-02,2,32.0659
2864,2012-02-03,2,30.9819
2865,2012-02-04,2,29.1927
2866,2012-02-05,2,29.8935
2867,2012-02-06,2,29.5421
2868,2012-02-07,2,27.2851
2869,2012-02-08,2,26.7184
2870,2012-02-09,2,29.1274
2871,2012-02-10,2,27.347
2872,2012-02-11,2,28.5213
2873,2012-02-12,2,28.997
2874,2012-02-13,2,29.1927
2875,2012-02-14,2,29.1274
2876,2012-02-15,2,27.347
2877,2012-02-16,2,28.4568
2878,2012-02-17,2,29.1927
2879,2012-02-18,2,27.3906
2880,2012-02-19,2,28.3493
2881,2012-02-20,2,26.51
2882,2012-02-21,2,27.0746
2883,2012-02-22,2,27.1797
2884,2012-02-23,2,26.6976
2885,2012-02-24,2,27.3062
2886,2012-02-25,2,27.4964
2887,2012-02-26,2,26.5516
2888,2012-02-27,2,26.7393
2889,2012-02-28,2,25.8276
2890,2012-02-29,2,26.6558
2891,2012-01-01,2,30.8476
2892,2012-01-02,2,30.9371
2893,2012-01-03,2,34.4279
2894,2012-01-04,2,36.578
2895,2012-01-05,2,34.9241
2896,2012-01-06,2,35.1615
2897,2012-01-07,2,32.8674
2898,2012-01-08,2,33.1444
2899,2012-01-09,2,34.5929
2900,2012-01-10,2,35.4475
2901,2012-01-11,2,35.8785
2902,2012-01-12,2,35.6387
2903,2012-01-13,2,36.0227
2904,2012-01-14,2,36.4811
2905,2012-01-15,2,36.5053
2906,2012-01-16,2,36.2395
2907,2012-01-17,2,34.6402
2908,2012-01-18,2,32.2254
2909,2012-01-19,2,30.736
2910,2012-01-20,2,28.5429
2911,2012-01-21,2,29.1057
2912,2012-01-22,2,29.0188
2913,2012-01-23,2,29.1492
2914,2012-01-24,2,29.0188
2915,2012-01-25,2,30.0037
2916,2012-01-26,2,29.7615
2917,2012-01-27,2,29.4546
2918,2012-01-28,2,28.5213
2919,2012-01-29,2,29.171
2920,2012-01-30,2,28.5213
2921,2012-01-31,2,28.7803
2922,2011-12-01,2,
2923,2011-12-02,2,
2924,2011-12-03,2,
2925,2011-12-04,2,
2926,2011-12-05,2,
2927,2011-12-06,2,
2928,2011-12-07,2,
2929,2011-12-08,2,
2930,2011-12-09,2,
2931,2011-12-10,2,
2932,2011-12-11,2,
2933,2011-12-12,2,
2934,2011-12-13,2,
2935,2011-12-14,2,
2936,2011-12-15,2,
2937,2011-12-16,2,
2938,2011-12-17,2,
2939,2011-12-18,2,
2940,2011-12-19,2,29.9441
2941,2011-12-20,2,32.6375
2942,2011-12-21,2,33.2138
2943,2011-12-22,2,34.0287
2944,2011-12-23,2,33.865
2945,2011-12-24,2,34.4986
2946,2011-12-25,2,33.2601
2947,2011-12-26,2,32.6375
2948,2011-12-27,2,30.8923
2949,2011-12-28,2,30.8029
2950,2011-12-29,2,31.2512
2951,2011-12-30,2,30.092
2952,2011-12-31,2,30.7136
