,0,1,2,3,4,5,6,7,8,mean
lon,-46.5,-45.5,-44.5,-46.5,-45.5,-44.5,-46.5,-45.5,-44.5,-45.5
lat,-10.5,-10.5,-10.5,-11.5,-11.5,-11.5,-12.5,-12.5,-12.5,-11.5
1/1/1931 0:00,254.88,157.37,152.48,184.81,101.02,103.22,186.98,66.62,83.49,143.43
2/1/1931 0:00,255.55,126.83,122.37,245.38,133.51,110.05,256.68,167.68,157.8,175.0944444
3/1/1931 0:00,247.36,179.22,182.69,362.58,196.89,175.77,431.49,240.61,211.78,247.5988889
4/1/1931 0:00,63.21,52.2,45.5,71.53,27.35,37.95,75.24,17.38,36.96,47.48
5/1/1931 0:00,31.98,2.92,1.67,22.08,7.61,2.52,15.79,10.65,7.38,11.4
6/1/1931 0:00,0.02,0.64,0.56,1.43,0.14,0.34,2.57,0.31,0.21,0.691111111
7/1/1931 0:00,0,0,0.02,0.36,0.45,0.04,0.38,0.41,0.49,0.238888889
8/1/1931 0:00,0.27,0.13,0.34,0.04,0.34,0.09,0.33,0.4,0.88,0.313333333
9/1/1931 0:00,24.08,29.86,26.77,28.67,28.4,15.5,25.92,31.2,23.91,26.03444444
10/1/1931 0:00,136.24,90.49,78.73,71.7,85.2,78.26,73.42,73.49,97.26,87.19888889
11/1/1931 0:00,213.82,78.03,59.5,316.04,142.58,79.48,341.92,189.46,117.36,170.91
12/1/1931 0:00,136.57,66.83,73.03,170.68,94.77,61.08,192.58,131.17,97.86,113.8411111
1/1/1932 0:00,249.86,147.56,120.1,202,188.53,154.16,220,215.51,207.3,189.4466667
2/1/1932 0:00,202.08,168.23,161.2,208.91,156.52,96.7,227.6,192.49,140.65,172.7088889
3/1/1932 0:00,79.52,38.07,37.11,143.09,95.43,51.75,158.69,152.69,121.2,97.50555556
4/1/1932 0:00,29.66,27.91,16,46.56,25.65,33.5,45.85,27.4,45.77,33.14444444
5/1/1932 0:00,33.43,12.06,7.76,22.05,21.37,22.45,17.71,20.54,26.65,20.44666667
6/1/1932 0:00,0.12,0.73,0.55,1.41,0.6,0.54,2.21,1.42,0.89,0.941111111
7/1/1932 0:00,4.73,1.91,2.65,0.84,0.89,0.85,0.38,0.42,0.04,1.412222222
8/1/1932 0:00,1.14,0.13,0.34,0.15,0.34,0.09,0.33,0.4,0.85,0.418888889
9/1/1932 0:00,80.47,29.12,27.04,48.54,24.65,14.67,42.25,25.36,21.19,34.81
10/1/1932 0:00,119.58,79.23,63.85,130.18,109.37,61.19,135.85,132.73,119.83,105.7566667
11/1/1932 0:00,181.34,131.25,124.77,178.53,134.92,109.9,194.43,143.4,138.01,148.5055556
12/1/1932 0:00,218.42,83.93,76.83,236.58,130.22,125.34,255.45,150.61,108.34,153.9688889
1/1/1933 0:00,232.42,165.97,149.62,212.12,166.52,159.5,237.1,167.55,179.5,185.5888889
2/1/1933 0:00,180.03,209.88,212.53,176.58,135.13,140.12,195.38,114.89,98.1,162.5155556
3/1/1933 0:00,198.1,195.09,206.55,222.52,202.39,179.83,231.68,235.26,220.6,210.2244444
4/1/1933 0:00,134.5,108.21,86.23,167.8,133.94,136.67,169.08,144.3,150.22,136.7722222
5/1/1933 0:00,4.31,0.51,0.85,9.82,1.56,1.15,8.33,0.89,0.31,3.081111111
6/1/1933 0:00,0.12,0.97,0.56,1.33,0.84,3.12,2.11,0.46,1.53,1.226666667
7/1/1933 0:00,0,0,0.02,0.36,0.45,0.01,0.38,0.4,0.02,0.182222222
8/1/1933 0:00,0.27,0.13,0.34,0.04,0.34,0.09,0.33,0.4,0.86,0.311111111
9/1/1933 0:00,8.42,0.39,0,20.32,9.42,8.42,17.9,8.66,10.99,9.391111111
10/1/1933 0:00,64.72,73.11,62.01,47.34,74.4,46.28,53.42,78.22,84.52,64.89111111
11/1/1933 0:00,352.67,326.57,305.71,525.33,370.97,306.44,557.34,411.21,281.15,381.9322222
12/1/1933 0:00,260.96,176.23,180.92,315.53,211.66,162.88,334.66,259.12,210.45,234.7122222
1/1/1934 0:00,213.92,76.58,60.12,196.34,81.12,36.36,219.4,106.15,59.06,116.5611111
2/1/1934 0:00,181.53,81.34,75.53,237.26,90.36,64.76,257.62,113.8,69.23,130.1588889
3/1/1934 0:00,196.03,170.17,195.4,124.42,88.65,101.33,135.47,75.82,75.63,129.2133333
4/1/1934 0:00,96.76,104.31,96.75,95.48,79.73,72.9,94.12,84.2,89.67,90.43555556
5/1/1934 0:00,23.32,13.99,12.76,28.32,22.31,19.69,25.42,24.48,20.08,21.15222222
6/1/1934 0:00,0.25,1.41,1.49,1.18,0.14,0.59,1.97,0.32,0.21,0.84
7/1/1934 0:00,0,0,0.02,0.36,0.45,0.01,0.38,0.4,0.02,0.182222222
8/1/1934 0:00,0.27,0.13,0.34,0.04,0.34,0.09,0.33,0.4,0.85,0.31
9/1/1934 0:00,17.92,8.78,7.47,24.93,9.07,4.95,24.38,8.12,8.11,12.63666667
10/1/1934 0:00,30.56,27.29,17.05,25.31,40.8,20.47,28.97,43.84,56.62,32.32333333
11/1/1934 0:00,186.98,104.99,91.65,214.09,140.55,94.97,235.92,169.2,110.27,149.8466667
12/1/1934 0:00,242.97,160,153.12,320.01,226.7,193.25,348.05,270.93,205.77,235.6444444
1/1/1935 0:00,275.79,142.43,116.85,312.79,191.45,149,345.57,227.01,186.33,216.3577778
2/1/1935 0:00,170.17,120.04,110.69,248.72,144.2,135.16,278.18,161.48,136.16,167.2
3/1/1935 0:00,250.31,208.95,213.25,355.69,202.08,163.3,374.76,237.39,152.15,239.7644444
4/1/1935 0:00,171.19,126.73,118.04,201.55,119.19,113.58,206.52,127.96,106.35,143.4566667
5/1/1935 0:00,67.72,12.07,9.09,46.29,28.97,10.6,40.35,42.54,28.25,31.76444444
6/1/1935 0:00,0.25,1.41,1.49,1.3,0.11,0.59,2.1,0.32,0.22,0.865555556
7/1/1935 0:00,0.09,0.38,0.75,1.23,0.84,0.22,1.98,0.97,0.3,0.751111111
8/1/1935 0:00,11.44,0.13,0.34,1.17,0.34,0.09,0.33,0.4,0.85,1.676666667
9/1/1935 0:00,4.66,0.75,0,24.76,17.78,2.87,23.02,28.56,22.6,13.88888889
10/1/1935 0:00,81.1,20.63,10.43,94.77,36.19,6.57,105.22,45.46,26.22,47.39888889
11/1/1935 0:00,179.17,119.33,111.79,170.55,135.65,94.95,185.34,156.75,123.93,141.94
12/1/1935 0:00,191.58,137.73,133.49,258.08,197,154.38,281.4,244.78,197.14,199.5088889
1/1/1936 0:00,128.55,133.25,113.35,155.64,144.34,143.91,181.66,143.9,155.79,144.4877778
2/1/1936 0:00,431.75,390.51,388.13,426.93,351.28,344.91,438.35,348.27,320.23,382.2622222
3/1/1936 0:00,131.76,55.14,58.38,180.89,74.57,62.82,201.33,101.93,72.11,104.3255556
4/1/1936 0:00,173,92.34,78.72,264.1,127.03,85.36,268.37,169.59,111.74,152.25
5/1/1936 0:00,33.56,5.79,1.88,28.23,35.58,14,22.76,43.85,42.69,25.37111111
6/1/1936 0:00,0.12,0.68,0.56,1.29,0.08,0.35,2.1,0.31,0.28,0.641111111
7/1/1936 0:00,0,0,0.02,0.36,0.45,0.01,0.38,0.4,0.02,0.182222222
8/1/1936 0:00,0.28,0.23,0.66,0.04,0.32,0.14,0.33,0.4,0.99,0.376666667
9/1/1936 0:00,14.77,10.44,0.38,9.17,8.72,1.41,2.44,0.22,1.37,5.435555556
10/1/1936 0:00,94.13,75.52,87,81.95,68.84,58.93,84.03,59.19,94.14,78.19222222
11/1/1936 0:00,225.04,202.83,178.12,248.44,241.84,211.61,259.25,264.62,254.43,231.7977778
12/1/1936 0:00,175.53,101.7,158.37,291.48,151.87,116.88,337.8,222.14,162.88,190.9611111
1/1/1937 0:00,222.1,185.56,231.1,259.99,232.9,231.96,283.43,296.48,211.16,239.4088889
2/1/1937 0:00,308.98,305.28,188.27,235.35,256.9,182.49,210.97,200.7,199.54,232.0533333
3/1/1937 0:00,170.56,127.53,132.33,282.87,151.21,152.09,322.3,193.63,125.66,184.2422222
4/1/1937 0:00,209.88,214.85,130.56,101.65,142.66,88.29,59.44,89.45,100.35,126.3477778
5/1/1937 0:00,71.27,64.29,47.18,65.18,47.39,19.59,57.39,28.57,10.5,45.70666667
6/1/1937 0:00,1.12,1.72,0.71,2.27,3.3,1.11,2.47,5.3,1.98,2.22
7/1/1937 0:00,0.67,0.35,0.12,0.64,0.78,0.01,0.36,0.5,0,0.381111111
8/1/1937 0:00,20.77,23.52,9.47,6.34,13.52,2.05,0.36,0.68,0.82,8.614444444
9/1/1937 0:00,33.98,30.04,5.11,25.91,23.55,5.79,17.02,12.16,11.86,18.38
10/1/1937 0:00,118.05,76.33,73.93,130.63,80.99,59.87,143.01,82.33,87.61,94.75
11/1/1937 0:00,213.75,139.29,96.24,299.65,176.16,132.69,341.1,214.13,177.4,198.9344444
12/1/1937 0:00,319.78,239.19,287.99,403.64,262.75,251.73,449.05,307.06,189.32,301.1677778
1/1/1938 0:00,175.03,102.16,66.38,238.75,109.36,85.57,275.59,123.69,76.2,139.1922222
2/1/1938 0:00,102.99,59.04,74.23,128.77,75.01,102.36,146.83,104.36,109.79,100.3755556
3/1/1938 0:00,247.24,217.1,102.25,181.08,168.16,111.21,156.42,117.91,91.74,154.79
4/1/1938 0:00,133.67,97.26,46.85,97.4,70.35,48.15,84.47,57.59,83.29,79.89222222
5/1/1938 0:00,17.72,11.27,25.71,26,10.42,7.06,24.55,9.88,3.96,15.17444444
6/1/1938 0:00,1.11,1.69,0.71,1.91,0.71,0.31,2.1,0.45,0.14,1.014444444
7/1/1938 0:00,0.71,0.34,0.12,1.7,0.89,0.01,1.55,0.68,0,0.666666667
8/1/1938 0:00,1.69,1.05,0.76,1.35,1.05,0,0.35,0.58,0.82,0.85
9/1/1938 0:00,15.05,10.45,0.33,8.87,8.24,0.83,1.9,0.64,1.31,5.291111111
10/1/1938 0:00,102.61,65.94,20.74,53.07,65.97,20.89,37.68,54.57,42.51,51.55333333
11/1/1938 0:00,210.5,197.15,96.9,174.51,169.74,113.87,163.52,135.65,193.15,161.6655556
12/1/1938 0:00,213.41,152.17,173.29,289.56,151.88,99.29,328.06,176.86,109.27,188.1988889
1/1/1939 0:00,246.76,198.35,166.11,243.71,170.66,153.11,256.6,160.15,137.84,192.5877778
2/1/1939 0:00,138.31,91.57,63.94,155.78,92.79,67.66,170.19,108.88,87.42,108.5044444
3/1/1939 0:00,142.75,113.4,66.13,121.48,89.48,62.97,119.05,74.36,69.56,95.46444444
4/1/1939 0:00,120.68,99.4,34.9,55.46,50.15,24.19,31.68,10.76,23.74,50.10666667
5/1/1939 0:00,32.73,20.95,10.25,18.82,15.49,9.29,11.38,7.03,8.37,14.92333333
6/1/1939 0:00,1.12,1.69,0.71,1.91,0.69,0.31,2.1,0.71,0.45,1.076666667
7/1/1939 0:00,27.69,27.52,19.26,18.6,24.28,23.56,15.6,14.28,28.67,22.16222222
8/1/1939 0:00,27.79,28.85,8.46,9.43,18.17,7.1,3.39,12.08,10.13,13.93333333
9/1/1939 0:00,74.04,43.59,19.96,107.38,54.81,46.5,114.36,60.69,64.12,65.05
10/1/1939 0:00,140.42,100.19,108.23,150.13,90.03,71.68,166.32,79.37,66.7,108.1188889
11/1/1939 0:00,167.96,172.06,163.03,177,217.71,177.26,179.92,210.41,170.96,181.8122222
12/1/1939 0:00,184.76,136.5,136.8,181.75,147.3,119.72,189.32,149.19,113.5,150.9822222
1/1/1940 0:00,240.77,177.22,246.39,381.31,235.93,214.11,441.74,288.73,251.88,275.3422222
2/1/1940 0:00,214.1,197.56,249.74,307.34,189.52,227.15,357.47,245.5,202.23,243.4011111
3/1/1940 0:00,190.31,104.77,115.38,294.86,226.94,205.19,337.42,382.71,326.84,242.7133333
4/1/1940 0:00,67.28,51.79,16.99,41.06,25.95,29.59,31.51,26.45,20.23,34.53888889
5/1/1940 0:00,33.28,7.2,0.29,21.6,9.29,1.39,17.26,11.58,6.13,12.00222222
6/1/1940 0:00,1.28,1.52,0.67,1.88,0.59,0.32,2.12,0.74,0.15,1.03
7/1/1940 0:00,0.75,0.23,0.07,0.61,0.66,0.01,0.33,0.21,0,0.318888889
8/1/1940 0:00,9.87,0.92,0.7,1.42,1.07,0,0.33,0.46,0.78,1.727777778
9/1/1940 0:00,35.97,24.95,18.06,24.15,26.95,22.27,17.61,11.02,17.09,22.00777778
10/1/1940 0:00,60.22,35.87,63.47,93.25,60.92,53.46,110.81,68.49,113.98,73.38555556
11/1/1940 0:00,246.79,194.94,153.33,339.25,221.39,147.59,379.03,292.72,221.17,244.0233333
12/1/1940 0:00,149.27,89.47,146.12,144.67,113.12,106.75,160.43,135.04,115.6,128.9411111
1/1/1941 0:00,230.28,163.89,113.97,158.3,161.03,122.48,150.6,165.55,140.5,156.2888889
2/1/1941 0:00,182.66,153.69,166.94,264.43,173.52,124.38,295.49,224.34,186.21,196.8511111
3/1/1941 0:00,295.43,248.6,192.28,323.39,230.33,175.92,337.68,325,263.03,265.74
4/1/1941 0:00,181,131.3,51.64,150.11,91.72,53.5,144.67,126.21,99.43,114.3977778
5/1/1941 0:00,24.12,15.7,2,14.67,11.93,8.42,7.43,2.88,4.29,10.16
6/1/1941 0:00,1.28,1.53,0.69,2.34,0.59,0.32,3.27,0.8,0.2,1.224444444
7/1/1941 0:00,0.94,0.26,0.11,3.24,0.91,2.07,3.63,1.53,2.62,1.701111111
8/1/1941 0:00,1.82,1.02,0.85,3.18,1.57,0.8,3.6,1.58,0.93,1.705555556
9/1/1941 0:00,19.11,7.66,1.23,12.75,8.62,10.53,7.7,11.64,12.57,10.20111111
10/1/1941 0:00,115.33,51.24,30.1,147.17,71.31,33.01,171.95,96.2,64.86,86.79666667
11/1/1941 0:00,115.14,80.44,84.52,186.74,104.51,71.54,235.76,111.6,73.76,118.2233333
12/1/1941 0:00,237.21,175.6,183.49,269.08,166.64,132.94,290.59,142.04,125.49,191.4533333
1/1/1942 0:00,220.46,184.37,149.35,294.34,196.82,133.26,332.37,218.78,127.03,206.3088889
2/1/1942 0:00,213.36,214.36,158.79,368.02,183.08,180.29,433.31,219.69,173.59,238.2766667
3/1/1942 0:00,99.75,64.25,45.18,142.32,51.94,27.47,161.22,75.26,52.96,80.03888889
4/1/1942 0:00,88.51,88.26,54.31,78.66,72.31,65.53,66.08,67.11,46.27,69.67111111
5/1/1942 0:00,65.06,55.55,8.25,36.36,34.88,5.26,20.83,12.12,5.01,27.03555556
6/1/1942 0:00,1.19,1.35,0.68,2.68,0.59,0.32,2.84,0.86,0.15,1.184444444
7/1/1942 0:00,0.32,0,0.03,0.46,0.5,0.01,0.33,0.21,0,0.206666667
8/1/1942 0:00,1.4,0.72,0.69,0.6,1,0,0.33,0.45,0.73,0.657777778
9/1/1942 0:00,60.35,51.35,25.4,118.86,60.98,48.32,139.45,92.71,56.58,72.66666667
10/1/1942 0:00,89.75,86.91,138.91,145.62,115.91,133.07,166.04,140.6,170.02,131.87
11/1/1942 0:00,162.5,165,179.31,234.57,219.71,259.59,260.1,340.29,314.21,237.2533333
12/1/1942 0:00,300.17,281.49,235.7,397.53,277.02,204.15,439.1,329.85,202.92,296.4366667
1/1/1943 0:00,328.21,211.48,108.3,373.84,191.7,106.46,420.3,237.12,123.63,233.4488889
2/1/1943 0:00,129.19,88.21,92.57,228.69,113.42,94.69,279.18,133.62,89.59,138.7955556
3/1/1943 0:00,279.59,234.79,199.9,248.68,214.79,138.62,230.56,216.36,156.33,213.2911111
4/1/1943 0:00,128.19,101.07,79.24,83.33,82.73,86.24,61.69,78.26,96.66,88.60111111
5/1/1943 0:00,16.13,6.09,0.42,11.91,5.1,0.71,6.74,5.25,3.67,6.224444444
6/1/1943 0:00,3.28,2.16,2.68,4.76,1.24,2.77,5.51,1.46,1.24,2.788888889
7/1/1943 0:00,0.32,0,0.03,0.46,0.5,0.07,0.33,0.21,0,0.213333333
8/1/1943 0:00,1.41,0.88,0.69,0.67,1.89,0.37,0.43,2.14,2,1.164444444
9/1/1943 0:00,13.06,6.55,0.33,25.28,16.98,8.16,41.69,43.82,16.51,19.15333333
10/1/1943 0:00,117.55,79.51,61.56,140.06,113.39,95.99,157.02,126.44,99.56,110.12
11/1/1943 0:00,233.43,212.43,205.65,349.97,266.35,240.13,389.85,284.39,251.72,270.4355556
12/1/1943 0:00,260.11,186.59,216.12,384.56,191.06,195.01,442.02,303.69,196.88,264.0044444
1/1/1944 0:00,178.71,130.97,70.17,133.55,151.59,91.09,122.29,105.83,91.44,119.5155556
2/1/1944 0:00,221.4,186.49,160.05,252.96,170.12,144.41,275.83,161.57,147.33,191.1288889
3/1/1944 0:00,124.16,96.97,102.55,153.05,103.49,95.06,160.36,120.77,81.75,115.3511111
4/1/1944 0:00,165.16,160.21,171.13,178.32,117.69,131.11,178.77,136.35,114.47,150.3566667
5/1/1944 0:00,15.35,5.64,0.38,11.97,4.38,0.67,7.34,2.12,2.39,5.582222222
6/1/1944 0:00,1.19,1.41,0.9,1.9,0.56,0.36,2.12,0.74,0.15,1.036666667
7/1/1944 0:00,0.32,0,0.03,0.46,0.5,0.01,0.32,0.21,0,0.205555556
8/1/1944 0:00,1.4,0.71,0.69,0.59,1,0,0.33,0.45,0.73,0.655555556
9/1/1944 0:00,12.09,5.21,0.12,8.42,5,1.15,3.02,1.46,1.45,4.213333333
10/1/1944 0:00,104.93,74.19,99.89,166.89,116.82,76.46,188.13,127.48,106.32,117.9011111
11/1/1944 0:00,216.22,169.9,105.38,228.79,190.99,143.74,238.2,168.22,153.33,179.4188889
12/1/1944 0:00,417.13,410.43,413.25,498.32,430.54,441.55,526.95,404.68,434.22,441.8966667
1/1/1945 0:00,237.47,130.69,90.04,314.59,168.16,135.74,372.38,234.33,156.08,204.3866667
2/1/1945 0:00,193.27,133.43,108.04,201.48,131.61,84.53,218.12,89.23,78.6,137.59
3/1/1945 0:00,149.08,132.49,200.59,226.46,133.92,166.52,248.95,161.07,166.01,176.1211111
4/1/1945 0:00,200.57,167.2,91.34,225.08,145.22,102.89,225.67,129.8,110.08,155.3166667
5/1/1945 0:00,81.99,43.32,35.43,118.47,55.14,40.1,184.14,115.39,64.18,82.01777778
6/1/1945 0:00,2.07,2.71,4.66,3.42,0.55,3,2.37,0.89,0.4,2.23
7/1/1945 0:00,0.98,0,0.03,1.69,0.59,0.01,1.17,0.64,0.03,0.571111111
8/1/1945 0:00,1.96,0.72,0.69,1.95,1.08,0,0.52,1.07,1.24,1.025555556
9/1/1945 0:00,30.42,29.42,5.23,20.32,19.75,11.57,12.41,5.79,18.47,17.04222222
10/1/1945 0:00,172.78,106.47,112.11,196.87,153.59,117.47,224.67,185.87,165.13,159.44
11/1/1945 0:00,197.4,210.99,129.06,215.9,214.59,141.38,271.07,195.92,199.01,197.2577778
12/1/1945 0:00,255.55,216.78,191.56,281.17,290.85,192.53,308.18,248.43,199.71,242.7511111
1/1/1946 0:00,181.13,139.59,107.22,262.63,116.55,103.52,307.37,153.38,109.49,164.5422222
2/1/1946 0:00,142.09,108.78,82.73,160.19,121.16,90.59,166.25,98.26,117.79,120.8711111
3/1/1946 0:00,175.99,102.99,123.07,237.01,144.02,138.88,269.95,227.27,176.79,177.33
4/1/1946 0:00,102.95,98.75,42.94,93.16,70.18,58.92,70.27,64.75,57.75,73.29666667
5/1/1946 0:00,48.39,27.5,23.73,55.07,28.36,52.28,51.1,34.36,43.44,40.47
6/1/1946 0:00,2.51,1.83,0.78,3.5,0.81,0.34,2.39,1.32,0.4,1.542222222
7/1/1946 0:00,0.99,0,0.03,1.46,0.55,0.01,0.45,0.52,0.03,0.448888889
8/1/1946 0:00,1.96,0.71,0.69,1.95,1.08,0,0.52,1.07,1.25,1.025555556
9/1/1946 0:00,21.27,14.42,3.89,29.78,22.2,7.59,47.38,28.05,17.21,21.31
10/1/1946 0:00,104.76,35.35,34.46,114.45,38.45,16.38,45.48,23.2,28.31,48.98222222
11/1/1946 0:00,175.08,169.34,174.34,217.64,194.39,195.93,291.82,224.85,222.02,207.2677778
12/1/1946 0:00,71.22,6.86,52.13,142.89,54.2,51.09,227.53,150.31,73.56,92.19888889
1/1/1947 0:00,425.78,400.33,310.42,381.45,337.79,275.53,332.35,283.47,255.27,333.5988889
2/1/1947 0:00,169.91,107.72,163.23,193.85,119.48,148.15,175.01,128.7,171.6,153.0722222
3/1/1947 0:00,428.54,344.92,327.77,499.53,352.74,381.59,588.68,413.49,340.14,408.6
4/1/1947 0:00,78.91,64.03,50.45,82.05,34.27,43.04,89.87,88.15,49.95,64.52444444
5/1/1947 0:00,22.45,13.59,2.62,16.47,8.89,2.42,8.01,5.04,3.99,9.275555556
6/1/1947 0:00,1.94,1.36,0.68,3.44,0.65,0.34,2.38,1.33,0.4,1.391111111
7/1/1947 0:00,1.04,0,0.03,1.46,0.55,0.01,0.45,0.52,0.03,0.454444444
8/1/1947 0:00,7.24,1.35,1.57,18.53,4.16,0.56,41.13,9.54,2.99,9.674444444
9/1/1947 0:00,18.72,5.91,0.15,29.51,9.53,1.66,49.9,17.71,7.36,15.60555556
10/1/1947 0:00,115.39,81.94,125.68,131.88,135.98,122.48,140.58,112.59,105.29,119.09
11/1/1947 0:00,320.38,388.42,391.72,289.68,400.07,360.29,283.16,328.22,327.1,343.2266667
12/1/1947 0:00,272.31,111.94,91.83,373.64,143.05,141.67,421.02,285.02,180.4,224.5422222
1/1/1948 0:00,98.01,52.3,28.45,162.64,99.54,43.18,297.81,160.45,79.11,113.4988889
2/1/1948 0:00,139.85,101.96,68.93,161.79,136.25,83.55,171.12,135.16,92.51,121.2355556
3/1/1948 0:00,184.91,163.2,140.35,193.2,166.47,151.22,213.93,198.96,154.04,174.0311111
4/1/1948 0:00,90.54,90.4,30.23,77.03,56.73,39.59,79.09,46.17,41.73,61.27888889
5/1/1948 0:00,17.12,5.77,0.38,15.29,4.59,0.89,7.93,4,3.41,6.597777778
6/1/1948 0:00,1.94,1.35,0.71,3.69,0.71,0.99,3.64,1.5,0.44,1.663333333
7/1/1948 0:00,0.99,0,0.03,1.47,0.55,0.07,0.45,0.52,0.03,0.456666667
8/1/1948 0:00,2.51,0.71,0.7,1.98,1.08,0,0.51,1.07,1.25,1.09
9/1/1948 0:00,35.53,12.06,2,33.82,8.74,2.57,13.08,4.04,9.23,13.45222222
10/1/1948 0:00,167.89,134.8,76.73,154.82,108.53,59.55,115.59,94.43,99.39,112.4144444
11/1/1948 0:00,215.35,251.54,203.8,219.7,254.38,192.36,245.88,137.04,160.74,208.9766667
12/1/1948 0:00,452.3,405.01,396.19,523.26,462.76,385.35,663.75,589.38,417.6,477.2888889
1/1/1949 0:00,225.65,176.54,91.2,246,172.68,114.17,295.03,260.05,165.63,194.1055556
2/1/1949 0:00,165.8,85.69,106.74,246.01,101.91,81.04,338.21,151.76,109.49,154.0722222
3/1/1949 0:00,77.13,45.46,70.66,92.55,43.84,56.51,83.72,59.8,46.78,64.05
4/1/1949 0:00,96.06,111.75,136.41,66.01,82.94,100.61,18.98,67.44,70.13,83.37
5/1/1949 0:00,25.96,8.71,9.91,29.69,7.9,7.38,30.36,12.69,8.63,15.69222222
6/1/1949 0:00,2.03,1.36,0.68,3.45,0.65,0.34,2.38,1.32,0.4,1.401111111
7/1/1949 0:00,1.06,0,0.03,1.47,0.55,0.01,0.44,0.52,0.03,0.456666667
8/1/1949 0:00,1.93,0.71,0.69,1.97,1.08,0,0.51,1.07,1.25,1.023333333
9/1/1949 0:00,14.58,5.4,0.12,13.82,5.1,1.07,3.39,2.14,2.66,5.364444444
10/1/1949 0:00,180.63,168.74,78.84,158.36,175.62,83.64,141.49,223.46,172.36,153.6822222
11/1/1949 0:00,245.08,288.06,188.65,223.79,290.73,214.11,217.29,218.99,175.96,229.1844444
12/1/1949 0:00,90.36,24.13,45.68,122.49,57.12,61.48,132.32,109.2,73.71,79.61
1/1/1950 0:00,185.8,110.33,74.45,237.29,128.08,75.36,279.41,112.83,84.22,143.0855556
2/1/1950 0:00,152.61,148.05,137.59,151.38,178.88,157.29,133.65,195.53,176.16,159.0155556
3/1/1950 0:00,139.16,142.17,128.13,158.81,146.36,98.13,244.74,180.15,150.1,154.1944444
4/1/1950 0:00,236.78,260.9,204.88,199.5,210.13,192.42,125.69,163.96,147.3,193.5066667
5/1/1950 0:00,16.86,6.07,0.84,15.3,4.77,2.18,7.89,4.17,3.53,6.845555556
6/1/1950 0:00,2.03,1.37,0.68,3.45,0.65,0.34,2.37,1.33,0.4,1.402222222
7/1/1950 0:00,1.06,0,0.03,1.48,0.55,0.01,0.44,0.52,0.03,0.457777778
8/1/1950 0:00,1.93,0.71,0.69,1.97,1.08,0,0.51,1.07,1.25,1.023333333
9/1/1950 0:00,34.16,12.92,0.99,35.7,16.18,5.96,20.03,15.33,15.51,17.42
10/1/1950 0:00,136.29,98.1,63.52,129.69,89.48,47.77,110.12,131.39,87.48,99.31555556
11/1/1950 0:00,167.78,143.54,151.37,213.45,180.73,182.17,245.26,244.17,178.09,189.6177778
12/1/1950 0:00,148.37,118.01,131.09,158.41,122.62,120.55,172.01,132.48,110.63,134.9077778
1/1/1951 0:00,209.89,142.74,67.71,226.62,106.04,36.07,206.49,114.1,68.73,130.9322222
2/1/1951 0:00,113.73,109.35,107.53,125.34,105.33,90.51,143.29,81.5,76.07,105.85
3/1/1951 0:00,243.23,154.29,149.34,294.61,199.65,150.62,271.92,245.15,151.29,206.6777778
4/1/1951 0:00,169.96,149.68,143.65,163.77,120.8,120.09,99.26,114.56,132.32,134.8988889
5/1/1951 0:00,29.26,32.06,44.05,25.23,23.44,43.53,34.12,38.29,25.8,32.86444444
6/1/1951 0:00,2.54,1.52,1.27,4.07,0.66,1.04,2.45,1.32,0.4,1.696666667
7/1/1951 0:00,7.99,12.82,2.05,3.32,7.23,4.1,0.45,0.5,0.33,4.31
8/1/1951 0:00,1.93,0.72,0.69,1.98,1.08,0,0.5,1.06,1.25,1.023333333
9/1/1951 0:00,14.95,5.58,0.12,13.87,5.53,1.16,3.39,2.89,2.85,5.593333333
10/1/1951 0:00,86.32,62.03,21.32,93.56,72.93,28.64,107.59,35.65,21.98,58.89111111
11/1/1951 0:00,34.08,15.65,9.73,69.45,42.97,20.96,104.71,33.43,13.66,38.29333333
12/1/1951 0:00,252.51,228.32,179.58,275.26,223.98,175.67,339.16,297.8,232.12,244.9333333
1/1/1952 0:00,129.66,60.44,44.88,194.11,66.7,26.21,291.11,138.77,59.09,112.33
2/1/1952 0:00,208.9,178.01,194.82,233.07,184.53,174.41,229.79,191.23,132.25,191.89
3/1/1952 0:00,353.59,266.2,281.47,410.84,320.86,250.93,383.29,382.65,255.12,322.7722222
4/1/1952 0:00,122.34,105.53,42.22,167.4,90.26,48.25,281.57,173.04,83.66,123.8077778
5/1/1952 0:00,19,7.09,2.64,16.29,8.57,6.47,10.16,4.67,6.65,9.06
6/1/1952 0:00,2.04,1.38,0.68,3.46,0.65,0.34,2.34,1.32,0.4,1.401111111
7/1/1952 0:00,1.06,0,0.03,1.48,0.55,0.01,0.38,0.52,0.03,0.451111111
8/1/1952 0:00,1.93,0.71,0.7,1.95,1.05,0,0.49,0.82,1.16,0.978888889
9/1/1952 0:00,33.78,39.22,18.42,36.31,48.04,39,53.66,51.59,38.36,39.82
10/1/1952 0:00,54.94,20.28,51.74,56.11,26.17,48.72,35.63,12.97,35.7,38.02888889
11/1/1952 0:00,179.47,103.73,122.7,244.27,165.07,195.81,231.07,185.12,227.52,183.8622222
12/1/1952 0:00,339.06,273.55,281.9,373.97,350,290.32,374.5,355.95,324.99,329.36
1/1/1953 0:00,73.64,25.04,10.07,106.44,30.82,1.71,154.32,50.69,18.68,52.37888889
2/1/1953 0:00,220.71,206.38,195.36,216,155.71,138.72,178.83,135.75,128.83,175.1433333
3/1/1953 0:00,104.75,56.49,53.36,127.97,67.87,51.07,139.5,94.34,61.9,84.13888889
4/1/1953 0:00,116.63,111.69,34.43,102.39,80.29,50.71,65.19,98.76,70.08,81.13
5/1/1953 0:00,17.02,6.24,0.38,15.15,4.86,0.92,7.6,1.58,2.85,6.288888889
6/1/1953 0:00,2.04,1.38,0.71,3.43,0.57,0.45,2.31,0.75,0.31,1.327777778
7/1/1953 0:00,1.06,0,0.03,1.46,0.51,0,0.42,0.34,0.01,0.425555556
8/1/1953 0:00,1.93,0.72,0.7,1.95,1.05,0.01,0.49,0.8,1.16,0.978888889
9/1/1953 0:00,69.52,71.99,21.15,61.33,59.58,24.5,69.22,58.8,39.56,52.85
10/1/1953 0:00,107.97,97.69,54.67,124.54,115.83,41.23,179.53,104.85,57.17,98.16444444
11/1/1953 0:00,167.81,146.11,128.78,189.59,182.02,175.03,165.54,244.67,180.2,175.5277778
12/1/1953 0:00,271.96,208.47,192.86,294.53,232.47,217.03,295.13,312.02,255.09,253.2844444
1/1/1954 0:00,173.81,126.02,105.3,204.66,121.42,61.98,239.26,121.36,76.13,136.66
2/1/1954 0:00,181.2,155.19,200.19,252.26,192.95,194.56,344.61,184.27,163.11,207.5933333
3/1/1954 0:00,193.38,204.61,193.53,209.99,175.05,168.85,262.75,171.45,115.53,188.3488889
4/1/1954 0:00,143.15,139.67,107.29,125.1,88.08,73.48,83.45,53.6,66,97.75777778
5/1/1954 0:00,17.89,6.25,0.39,15.16,5.79,1.44,7.93,9.99,5.42,7.806666667
6/1/1954 0:00,2.04,1.38,0.71,3.43,0.69,0.54,2.31,0.9,1.86,1.54
7/1/1954 0:00,1.06,0,0.03,1.46,0.51,0,0.42,0.34,0.01,0.425555556
8/1/1954 0:00,1.93,0.72,0.7,1.95,1.05,0.01,0.49,0.8,1.16,0.978888889
9/1/1954 0:00,15.52,5.69,0.15,13.68,4.86,1.21,3.45,0.64,2.29,5.276666667
10/1/1954 0:00,78.31,53.03,29.64,65.44,51.86,18.43,25.76,10,21.74,39.35666667
11/1/1954 0:00,194.84,128.31,156.84,253.75,151.26,151.89,241.04,113.16,174.7,173.9766667
12/1/1954 0:00,127.66,101.83,133.45,153.46,126.5,101.52,186.18,139.99,98.38,129.8855556
1/1/1955 0:00,310.18,297.04,234.86,337.68,271.67,245.52,411.69,247.72,200.6,284.1066667
2/1/1955 0:00,118.92,77.6,46.86,142.13,74.55,56.16,153.12,66.44,78.2,90.44222222
3/1/1955 0:00,130.67,157.07,82.98,115.34,86.04,37.82,151.94,53.26,54.14,96.58444444
4/1/1955 0:00,166.08,207.99,73.2,155.87,123.52,84.46,209.91,100.43,109.92,136.82
5/1/1955 0:00,16.89,6.25,0.38,15.11,4.28,0.71,7.58,1.56,2.84,6.177777778
6/1/1955 0:00,2.04,1.38,0.71,3.43,0.57,0.45,2.31,0.75,0.31,1.327777778
7/1/1955 0:00,1.06,0,0.03,1.46,0.51,0,0.42,0.34,0.01,0.425555556
8/1/1955 0:00,1.93,0.72,0.7,1.96,1.05,0.01,0.49,0.8,1.16,0.98
9/1/1955 0:00,14.73,5.71,0.15,13.66,4.86,1.21,3.25,0.64,2.29,5.166666667
10/1/1955 0:00,149.74,125.51,119.27,168.14,128.21,106.35,215.1,167.91,124.65,144.9866667
11/1/1955 0:00,233.75,214.05,250.06,254.04,274.49,304.55,239.64,362.17,322.68,272.8255556
12/1/1955 0:00,197.34,133.11,122.89,292.79,185.11,108.09,436.59,340.21,182.7,222.0922222
1/1/1956 0:00,107.95,78.98,41.13,116.48,79.37,34.19,146.77,80.48,39.32,80.51888889
2/1/1956 0:00,257.73,264.76,232.84,301.18,206.17,215.74,422,198.52,199.9,255.4266667
3/1/1956 0:00,175.14,132.62,130.25,209.62,130,81.51,242.52,220.06,155.18,164.1
4/1/1956 0:00,109.43,121.34,71.73,106.38,98.81,64.71,147.79,75.87,67.97,96.00333333
5/1/1956 0:00,39.07,26.31,16.75,41.92,35.49,37.97,47.3,45.14,30.34,35.58777778
6/1/1956 0:00,2.04,1.5,0.72,3.47,0.61,2.62,2.35,1.22,0.62,1.683333333
7/1/1956 0:00,1.05,0,0.04,3.35,1.03,2.52,7.21,2.37,4.37,2.437777778
8/1/1956 0:00,1.99,2.15,5.21,2,1.51,2.89,0.53,1.9,2.17,2.261111111
9/1/1956 0:00,15.36,5.72,0.14,18.53,6.09,1.24,19.86,5.53,2.7,8.352222222
10/1/1956 0:00,76.64,62.34,76.32,84.5,70.53,43.53,115.44,93.14,66.69,76.57
11/1/1956 0:00,382,321.84,234.94,426.89,309.76,244.58,444.57,309.09,280.14,328.2011111
12/1/1956 0:00,306.11,285.03,288.39,255.33,257.62,242.52,75.41,227.88,215.1,239.2655556
1/1/1957 0:00,186.33,127.41,88.92,245.39,135.1,93.33,346.96,223.08,143.16,176.6311111
2/1/1957 0:00,287.31,175.67,154.43,344.21,159.41,131.8,324.98,185.38,193.26,217.3833333
3/1/1957 0:00,310.23,229.27,229.38,353.79,208.26,198.55,343.83,240.39,244.25,261.9944444
4/1/1957 0:00,154.92,131.85,86.04,169.77,96.11,61.76,186.45,109.49,68.75,118.3488889
5/1/1957 0:00,31.63,33.54,5.14,28.62,23.32,12.21,43.27,21.83,19.69,24.36111111
6/1/1957 0:00,2.04,1.39,0.7,3.47,0.66,0.55,2.35,1.32,0.42,1.433333333
7/1/1957 0:00,1.06,0,0.03,1.49,0.55,0.01,0.43,0.52,0.03,0.457777778
8/1/1957 0:00,1.93,0.72,0.7,1.99,1.08,0,0.49,1.05,1.24,1.022222222
9/1/1957 0:00,74.45,65.4,19.65,63.21,47.93,23.46,33.89,28.77,31.19,43.10555556
10/1/1957 0:00,103.09,99.19,58.79,89.33,92.08,55.99,72.35,69.94,99.14,82.21111111
11/1/1957 0:00,136.37,143.41,173.65,161.35,162.56,143.1,199.03,156.77,140.66,157.4333333
12/1/1957 0:00,120.74,103.88,156.01,140.29,123.42,153.11,173.61,162.44,161.53,143.8922222
1/1/1958 0:00,391.1,314.02,328.63,437.79,324.38,337.88,430.51,281.23,325.33,352.3188889
2/1/1958 0:00,159.76,114.11,155.4,209.68,128.21,135.35,272.33,157.27,124.93,161.8933333
3/1/1958 0:00,175.88,147.25,118.97,208.24,127.36,120.12,259.46,161.65,163.98,164.7677778
4/1/1958 0:00,65.09,48.53,13.77,144.27,42.48,14.88,329.9,84.27,42,87.24333333
5/1/1958 0:00,17.49,6.33,0.39,15.24,4.6,0.66,7.74,3.89,3.57,6.656666667
6/1/1958 0:00,2.02,1.39,0.69,3.51,1.18,0.52,2.35,1.35,0.4,1.49
7/1/1958 0:00,10.42,16.43,5.7,7.95,11.84,8.16,16.41,17.09,17.73,12.41444444
8/1/1958 0:00,1.93,0.72,0.7,1.99,1.08,0,0.49,1.05,1.24,1.022222222
9/1/1958 0:00,40.2,24.78,6.52,48.51,35.1,21.53,53.55,46.74,35.27,34.68888889
10/1/1958 0:00,180.55,163.7,83.44,161.72,153.64,98.01,124.85,88.51,87.98,126.9333333
11/1/1958 0:00,72.9,68.35,44.79,79.84,71.38,44.58,68.39,27.87,27.29,56.15444444
12/1/1958 0:00,307.3,263.81,313.61,342.85,326.39,361.01,369.65,355.6,315.09,328.3677778
1/1/1959 0:00,199.28,69.92,137.91,265.35,125.73,133.86,269.31,194.94,122.27,168.73
2/1/1959 0:00,129.25,64.14,108.8,152.4,70.05,106.72,114.27,46.33,52.55,93.83444444
3/1/1959 0:00,129.87,98.87,78.72,150.7,77.15,69.54,193.57,93.16,75.01,107.3988889
4/1/1959 0:00,58.23,44.25,13.31,51.33,14.9,8.54,22.06,4.86,12.49,25.55222222
5/1/1959 0:00,17.13,6.38,0.39,15.28,5.75,1.58,7.73,4.41,3.77,6.935555556
6/1/1959 0:00,3.31,1.45,0.83,4.71,0.57,2.48,2.49,0.72,0.27,1.87
7/1/1959 0:00,1.06,0,0.03,1.49,0.51,0.01,0.43,0.21,0,0.415555556
8/1/1959 0:00,1.93,0.72,0.7,1.98,1.01,0.09,0.47,0.45,0.77,0.902222222
9/1/1959 0:00,46.7,12.21,12.43,58.32,19.7,22.99,34.12,16.74,18.26,26.83
10/1/1959 0:00,73.31,49.21,60.09,73.03,54.02,50.07,66.48,62.6,63.79,61.4
11/1/1959 0:00,199.51,206.94,101.54,204.17,200.74,124.17,190.89,140.56,105.43,163.7722222
12/1/1959 0:00,156.53,125.37,162.5,185.04,99.89,121.56,184.89,150.76,158.95,149.4988889
1/1/1960 0:00,411.3,395.73,352.25,413.61,311.23,358.93,420.14,246.81,260.91,352.3233333
2/1/1960 0:00,176.7,107.71,86.35,221.32,119.59,99.65,249.74,154.69,111.36,147.4566667
3/1/1960 0:00,419.58,317.82,369.56,480.11,319.26,380.61,468.98,421.64,429.59,400.7944444
4/1/1960 0:00,71.47,54.41,26.02,61.35,30.15,16.87,19.77,15.36,21.31,35.19
5/1/1960 0:00,22.6,11.02,0.92,16.42,10.27,2.19,7.64,2.23,3.55,8.537777778
6/1/1960 0:00,1.98,1.53,0.72,3.53,1.6,0.75,2.33,0.8,0.17,1.49
7/1/1960 0:00,1,0,0.03,1.49,0.51,0.01,0.43,0.21,0,0.408888889
8/1/1960 0:00,1.97,0.72,0.69,1.98,1.01,0,0.47,0.45,0.78,0.896666667
9/1/1960 0:00,15.79,5.84,0.12,20.08,6.3,1.01,27.85,6.51,1.86,9.484444444
10/1/1960 0:00,70.52,19.89,15.36,79.29,30.52,7.31,51.09,21.05,17.76,34.75444444
11/1/1960 0:00,171.09,135.27,86.11,225.21,158.56,126.97,253.42,176.05,168.71,166.8211111
12/1/1960 0:00,288.36,105.09,178.38,413.6,168.95,175.8,443.73,305.13,210.91,254.4388889
1/1/1961 0:00,257.75,162.31,189.03,310.61,176.68,164.24,340.71,225.47,174.32,222.3466667
2/1/1961 0:00,153.33,114.05,96.82,175.13,94.45,82.14,199.14,89.24,78.81,120.3455556
3/1/1961 0:00,130.09,113.68,133.01,147.72,106.62,118.9,162.34,116.41,107.28,126.2277778
4/1/1961 0:00,102.55,92.77,31.05,79.29,54.67,41.56,13.58,22.65,45.74,53.76222222
5/1/1961 0:00,20.71,11.78,1.16,15.83,7.57,2.24,7.65,3.21,2.81,8.106666667
6/1/1961 0:00,2,1.41,0.69,3.5,1.6,0.74,2.38,2.66,1.12,1.788888889
7/1/1961 0:00,1.01,0,0.03,1.49,0.5,0.01,0.43,0.21,0,0.408888889
8/1/1961 0:00,1.91,0.71,0.7,1.98,1,0,0.47,0.45,0.77,0.887777778
9/1/1961 0:00,14.68,5.92,0.12,13.81,4.95,1.01,3.4,1.4,1.86,5.238888889
10/1/1961 0:00,69.63,35.96,18.45,70.45,35.78,11.45,44.19,16.03,16.94,35.43111111
11/1/1961 0:00,51.76,22.5,4.02,75.04,39.58,11.62,62.82,29.4,31.69,36.49222222
12/1/1961 0:00,212.27,210.92,190.41,204.74,234.96,154.08,215.8,180.06,141.66,193.8777778
1/1/1962 0:00,270.35,158.8,159.56,303.27,170.09,183.22,235.33,172.58,215.12,207.5911111
2/1/1962 0:00,145.08,145.27,91.39,153.59,125.49,59.94,209.27,110.97,78.39,124.3766667
3/1/1962 0:00,140.18,54.7,129.55,228.16,147.8,139.67,211.51,182.99,160.72,155.0311111
4/1/1962 0:00,164.84,165.66,74.14,120.95,69.01,46.23,138.83,66.73,63.69,101.12
5/1/1962 0:00,54.09,22.8,33.46,47.35,11.74,19.2,19.76,14.75,20.87,27.11333333
6/1/1962 0:00,2.07,1.53,0.79,3.04,0.11,0.44,2.28,0.74,0.65,1.294444444
7/1/1962 0:00,1.2,0.13,0.11,1.06,0.01,0,0.37,0.06,0,0.326666667
8/1/1962 0:00,1.6,0.5,0.65,1.33,0.25,0.05,0.46,0.38,0.77,0.665555556
9/1/1962 0:00,14.73,8.6,18.2,19.36,12.48,24.13,26.74,17,25.59,18.53666667
10/1/1962 0:00,86.75,38.72,37,110.96,42.13,45.72,146.68,57.52,41.23,67.41222222
11/1/1962 0:00,264.8,229.28,200.63,158.67,153.62,229.65,186.2,164.13,195.19,198.0188889
12/1/1962 0:00,318.25,240.75,244.76,346.61,158.28,250.06,334.14,179.68,254.84,258.5966667
1/1/1963 0:00,160.76,118.41,135,151.39,78.68,85.82,232.34,95.49,62.36,124.4722222
2/1/1963 0:00,288.45,181.07,216.14,299.76,157.66,171.25,265.27,137.44,111.58,203.18
3/1/1963 0:00,76.62,34.48,44.58,74.02,13.52,16.23,115.75,42.18,13.73,47.90111111
4/1/1963 0:00,106.81,71.55,88.89,112.56,72.43,142.12,22.24,59.72,101.16,86.38666667
5/1/1963 0:00,42.12,26.45,21.95,49.21,28.64,21.81,53.8,24.44,10.5,30.99111111
6/1/1963 0:00,1.41,0.01,0.13,3.1,0.14,0.44,2.28,0.73,0.15,0.932222222
7/1/1963 0:00,1.06,0.08,0.03,1.17,0.03,0,0.37,0.06,0,0.311111111
8/1/1963 0:00,1.36,0.1,0,1.32,0.07,0.01,0.46,0.38,0.77,0.496666667
9/1/1963 0:00,11.91,1.02,0.84,11.88,1.3,1.14,3.2,1.01,1.86,3.795555556
10/1/1963 0:00,58.49,25.18,19.68,45.1,26.44,13.32,18.06,14.3,28.73,27.7
11/1/1963 0:00,120.96,126.79,105.29,98.18,85.94,125.5,140.98,92.62,102.56,110.98
12/1/1963 0:00,359.42,278.21,253.29,353.12,304.36,309.73,171.41,364,335.19,303.1922222
1/1/1964 0:00,444.27,474.34,420.4,492.52,320.97,416.99,667.88,408.32,388.54,448.2477778
2/1/1964 0:00,229.4,194.14,201.67,279.12,156.68,274.11,272.09,145.15,244.98,221.9266667
3/1/1964 0:00,95.29,63.67,79.37,123.4,68.43,68.31,203.5,93.67,85.88,97.94666667
4/1/1964 0:00,83.86,62.43,63.16,94.4,36.99,29.77,111.24,57.82,36.53,64.02222222
5/1/1964 0:00,39,15.66,11.6,48.37,18.31,20.38,29.63,23.49,16.08,24.72444444
6/1/1964 0:00,2.33,3.97,1.5,3.56,0.68,0.6,2.32,0.8,0.18,1.771111111
7/1/1964 0:00,1.6,0.45,0.57,1.69,0.28,0.94,1.85,0.2,0.07,0.85
8/1/1964 0:00,1.44,0.52,0.09,1.32,0.06,0.04,0.45,0.51,1.43,0.651111111
9/1/1964 0:00,12.04,9.48,1.39,13.59,3.41,0.21,8.02,4.48,2.5,6.124444444
10/1/1964 0:00,123,63.57,63.01,125.08,59.5,64.16,146.03,92.1,65.31,89.08444444
11/1/1964 0:00,209.31,164.61,231.29,275.41,192.81,294.31,287.51,234.67,271.22,240.1266667
12/1/1964 0:00,151.49,104.11,77.46,191.09,95.82,107.58,168.17,146.08,166.55,134.2611111
1/1/1965 0:00,182.96,77.47,96.09,263.79,81.46,97.02,346.38,172.97,139.53,161.9633333
2/1/1965 0:00,155.12,110.14,111.59,179.33,61.52,121.63,163.69,118.15,144.93,129.5666667
3/1/1965 0:00,262.4,152.49,183.14,267.78,106.09,191.27,295.22,191.04,179.92,203.2611111
4/1/1965 0:00,126.81,108.14,151.53,116.17,88.75,127.54,85.62,97.18,133.7,115.0488889
5/1/1965 0:00,24.42,6.85,2.56,20.86,8.28,3.46,13.43,4.04,1.8,9.522222222
6/1/1965 0:00,2.72,0.66,0.87,6.28,0.89,2.86,5.37,6.78,3.66,3.343333333
7/1/1965 0:00,1.06,0.18,3.22,3.17,1.02,0.05,6.15,1.52,0.07,1.826666667
8/1/1965 0:00,1.38,0.11,0,1.73,1.06,0.06,0.46,0.6,0.07,0.607777778
9/1/1965 0:00,23.91,19.58,19.96,18.85,19.38,7.32,3.66,11.59,27.28,16.83666667
10/1/1965 0:00,141.44,123.81,124.21,156.93,132.99,93.11,177.04,179.36,123.03,139.1022222
11/1/1965 0:00,162.65,147.02,118.9,207.96,130.4,148.78,171.77,180.04,175.72,160.36
12/1/1965 0:00,122.38,74.86,82.98,181.49,117.33,66.49,242.65,140.33,79.07,123.0644444
1/1/1966 0:00,237.2,143.37,192.87,312.02,251.57,207.4,283.61,221.75,184.31,226.0111111
2/1/1966 0:00,250.66,259.4,273.06,367.29,271.57,359.6,290.02,404.8,375.8,316.9111111
3/1/1966 0:00,120.44,146.08,74.21,154.25,125.56,99.22,225.5,154.48,115.51,135.0277778
4/1/1966 0:00,138.26,147.09,153.32,172.9,143.32,146.03,222.85,253.6,190.63,174.2222222
5/1/1966 0:00,12.91,5.03,3.76,15.81,2.1,9.2,8.66,24.6,10.01,10.23111111
6/1/1966 0:00,2.52,0.42,0.64,3.69,0.93,0,2.32,0.99,0.33,1.315555556
7/1/1966 0:00,1.39,0.27,0.45,1.66,0.81,0.47,0.42,0.36,0.07,0.655555556
8/1/1966 0:00,0.35,0.02,0,1.53,0.8,0.06,0.48,0.6,0.07,0.434444444
9/1/1966 0:00,41.63,41.7,18.47,40.28,40.75,25.8,25.27,33.21,40.58,34.18777778
10/1/1966 0:00,72.28,50.29,51.45,94.93,47.2,32.38,110.9,99.72,68.2,69.70555556
11/1/1966 0:00,193.41,136.77,132.87,177.92,137.31,138.75,213.63,158.26,172.17,162.3433333
12/1/1966 0:00,251.92,166.83,168.03,309.11,208.21,197.68,300.37,251.89,208.85,229.21
1/1/1967 0:00,198.63,152.73,112.9,140.15,152.32,95.78,92.54,107.05,106.54,128.7377778
2/1/1967 0:00,249.47,195.76,193.53,248.56,155.78,131.83,238.41,115.72,116.99,182.8944444
3/1/1967 0:00,196.35,171.56,229.13,194.46,163.56,130.96,242.52,128.53,124.47,175.7266667
4/1/1967 0:00,189.55,205.62,206.52,149.32,159.39,174.37,103.4,156.14,183.03,169.7044444
5/1/1967 0:00,12.08,1.79,12.04,13.64,1.39,4.73,8.01,13.12,6.94,8.193333333
6/1/1967 0:00,0.78,0.08,1.22,4.05,0.7,2.36,4.82,1.59,0.24,1.76
7/1/1967 0:00,1.38,0.12,0.04,1.66,0.81,0.12,0.42,0.36,0.07,0.553333333
8/1/1967 0:00,0.39,0.32,0,1.53,0.8,0.06,0.48,0.6,0.4,0.508888889
9/1/1967 0:00,32.41,14.78,16.1,32.53,21.57,10.79,33.75,26.03,20.97,23.21444444
10/1/1967 0:00,49.68,13.08,33.72,62.36,25.87,22.08,70.98,24.96,20.02,35.86111111
11/1/1967 0:00,267.73,215.92,172,379.48,258.25,219.3,366.96,263.24,268.15,267.8922222
12/1/1967 0:00,268.25,263.54,265.07,231.45,296.73,291.61,290.4,306.05,293.08,278.4644444
1/1/1968 0:00,107.55,48.84,45.6,140.53,83.23,52.23,171.11,96.18,59.27,89.39333333
2/1/1968 0:00,281.85,200.56,258.37,344.12,233.02,246.4,432.59,388.04,303.64,298.7322222
3/1/1968 0:00,210.27,209.47,201.45,223.99,153.13,164.6,230.96,180.86,131.01,189.5266667
4/1/1968 0:00,99.28,68.65,59.9,77.92,31.6,30.33,85.38,45.51,41.87,60.04888889
5/1/1968 0:00,34.41,8.4,7.06,24.07,8.51,5.71,22.15,14.29,12.06,15.18444444
6/1/1968 0:00,0.31,0.01,0.04,2.14,0.59,0.05,2.1,0.99,0.09,0.702222222
7/1/1968 0:00,1.26,0.12,0.04,0.96,0.81,0.06,0.31,0.36,0.07,0.443333333
8/1/1968 0:00,1.35,2.38,0.4,5.93,1.33,0.84,10.04,7.07,3.05,3.598888889
9/1/1968 0:00,6.46,0.48,0.07,31.69,5.77,0.1,42.46,11.31,0.78,11.01333333
10/1/1968 0:00,90.69,60.22,43.93,101.63,89.75,87.07,85.17,96.95,87.13,82.50444444
11/1/1968 0:00,279.01,210.44,215.65,295,261.62,305.72,320.13,337.13,323.33,283.1144444
12/1/1968 0:00,237.2,126.87,115.13,351.9,168.96,99.09,416.67,247.96,149.34,212.5688889
1/1/1969 0:00,179.02,129.3,84.59,183.84,140.58,136.27,196.21,197.17,165.95,156.9922222
2/1/1969 0:00,170.76,136.94,119.21,204.03,139.99,192.52,219.16,224.59,188.46,177.2955556
3/1/1969 0:00,222.51,193.17,258.41,144.99,157.48,219.57,119.24,173.74,164.36,183.7188889
4/1/1969 0:00,47.21,50.42,15.59,62.62,19.27,28.76,61.73,45.69,43.93,41.69111111
5/1/1969 0:00,39.33,20.4,7.61,36.39,16.82,6.26,29.4,10.18,6.92,19.25666667
6/1/1969 0:00,9.52,0.93,0.01,2.96,1.17,0,0.91,0.83,0.1,1.825555556
7/1/1969 0:00,2.5,0.86,0.04,1.96,1.5,0.06,0.19,0.42,0.35,0.875555556
8/1/1969 0:00,0.46,0.26,0,15.45,2.36,0.06,21.13,12.55,10.74,7.001111111
9/1/1969 0:00,28.39,14.47,8.15,22.93,20.94,11.84,3.97,7.69,2.59,13.44111111
10/1/1969 0:00,101.05,42.22,45.55,92.72,40.81,33.93,85.12,39.38,30.54,56.81333333
11/1/1969 0:00,137.78,134.81,134.61,188.07,130.02,140.44,193.35,182.81,130.99,152.5422222
12/1/1969 0:00,285.27,251.84,240.83,441.27,342.96,288.51,473.92,405.67,352.27,342.5044444
1/1/1970 0:00,328.85,270.93,266.89,391.91,277.44,249.89,447.57,300.83,283.61,313.1022222
2/1/1970 0:00,132.39,86.42,81.42,200.04,81.95,65.65,225.9,121.48,62.89,117.5711111
3/1/1970 0:00,142.52,88.81,70.17,168.56,76.4,56.72,148.16,107.21,81.77,104.48
4/1/1970 0:00,89.88,52.8,22.99,120.15,42.38,34.51,146.53,80.81,67.44,73.05444444
5/1/1970 0:00,9.78,2.3,0.37,9.94,0.64,0.27,7.09,2.57,0.74,3.744444444
6/1/1970 0:00,0.3,0.01,0.01,1.93,0.59,0,0.91,0.92,0.52,0.576666667
7/1/1970 0:00,0.98,0.13,0.06,0.85,0.81,0.06,0.19,0.36,0.07,0.39
8/1/1970 0:00,0.08,0.04,0,0.12,0.81,0.06,0,0.38,0.07,0.173333333
9/1/1970 0:00,27.04,3.71,2.47,26.84,15.62,13.45,31.22,23.94,19.02,18.14555556
10/1/1970 0:00,119.9,113.5,97.46,116.36,95.36,92.79,130,107.29,127.01,111.0744444
11/1/1970 0:00,232.59,242.6,236.07,242.99,301.06,259.85,212.29,376.37,307.41,267.9144444
12/1/1970 0:00,109.77,54.64,58.86,108.13,77.4,96.89,116.57,121.6,119.3,95.90666667
1/1/1971 0:00,149.99,144.33,130.28,178.16,114.87,132,183.98,93.74,64.84,132.4655556
2/1/1971 0:00,163.67,143.23,124.15,169.05,88.24,82.64,227.64,86.8,92.57,130.8877778
3/1/1971 0:00,177.23,144.28,129.65,184.57,98.19,73.15,231.61,101.41,118.86,139.8833333
4/1/1971 0:00,173.57,146.57,145.99,249.78,183.26,179.93,272.93,192.1,151.5,188.4033333
5/1/1971 0:00,16.78,13.73,9.62,15.3,5.64,1.39,9.62,6.52,1.12,8.857777778
6/1/1971 0:00,5.62,3.72,11.67,5.95,6.28,5.76,1.64,2.35,4.06,5.227777778
7/1/1971 0:00,2.92,0.57,1.32,1.65,0.83,0.5,0.31,0.36,0.09,0.95
8/1/1971 0:00,2.63,1.21,2.96,1.53,0.9,3.01,0.07,2.22,0.89,1.713333333
9/1/1971 0:00,16.66,9.1,2.76,15.45,13.7,2.92,9.99,12.09,17.06,11.08111111
10/1/1971 0:00,83.43,70.87,84.6,72.07,103.11,100.52,87.99,166.06,133.73,100.2644444
11/1/1971 0:00,233.33,224.23,193.85,252.59,251.06,187.72,302.76,263.92,212.61,235.7855556
12/1/1971 0:00,167.82,106.97,139.02,242.41,107.51,103.38,267.62,134.62,139.63,156.5533333
1/1/1972 0:00,174.63,105.75,112.83,166.83,95.04,65.95,213.67,115.62,59.23,123.2833333
2/1/1972 0:00,193.2,173.32,158.76,209.99,166.19,138.99,273.08,153.38,120.92,176.4255556
3/1/1972 0:00,105.57,101.73,130.85,109.63,75,109.68,137.76,144.23,110.09,113.8377778
4/1/1972 0:00,111.16,117.2,114,154.97,115.26,104.18,60.62,115.23,132.04,113.8511111
5/1/1972 0:00,13.5,9.74,6.4,9.09,18.49,16.21,7.96,10.15,7.58,11.01333333
6/1/1972 0:00,1.35,0.12,2.85,6.84,3.89,0.38,1.79,2.83,0.37,2.268888889
7/1/1972 0:00,2.1,1.68,0.27,1.9,0.75,0.02,0.52,0.12,0.02,0.82
8/1/1972 0:00,6.58,0.8,6.01,0.5,0.78,2.73,15.11,0.62,1.94,3.896666667
9/1/1972 0:00,26.48,12.15,2.72,24.41,13.91,8.21,19.78,4.38,13.4,13.93777778
10/1/1972 0:00,107.45,81.34,38.71,98.48,75.57,42.75,190.38,103.98,68.36,89.66888889
11/1/1972 0:00,171.28,161.11,186.26,151.63,153.3,175.71,147.91,145.2,144.16,159.6177778
12/1/1972 0:00,292.76,255.96,170.36,288.12,264.85,255.55,402.28,409.75,302.32,293.55
1/1/1973 0:00,156.48,70.1,84.76,177.77,72.83,83.63,181.31,67.75,69.85,107.1644444
2/1/1973 0:00,180.57,146,119.03,263.36,88.67,79.57,292.34,93.45,104.83,151.98
3/1/1973 0:00,238.51,182.34,193.62,333.41,178.35,175.41,301.4,248.27,237.3,232.0677778
4/1/1973 0:00,107.54,140.69,77.72,109.73,48.62,42.72,75.59,24.24,22.98,72.20333333
5/1/1973 0:00,55.16,34.98,40.32,29.59,56.83,54.9,9.08,31.47,34.96,38.58777778
6/1/1973 0:00,2.18,0.51,0.47,4.8,2.69,1.2,28.38,3,0.74,4.885555556
7/1/1973 0:00,0.44,1.21,0.45,0.47,0.72,0.02,0.1,0.08,0.08,0.396666667
8/1/1973 0:00,6.1,4.61,2.14,6.09,6.87,0.54,0.19,1.37,0.56,3.163333333
9/1/1973 0:00,20.9,21.37,16.31,22.58,16.85,10.99,6.57,24.03,40.47,20.00777778
10/1/1973 0:00,255.1,171.42,132.75,354.82,193.36,133.07,277.97,223.77,196.85,215.4566667
11/1/1973 0:00,178.74,122.63,115.82,206.07,125.6,113.18,257.94,148.67,144.67,157.0355556
12/1/1973 0:00,178.82,111.35,140.05,260.76,115.84,91.9,231.79,122.36,120.62,152.61
1/1/1974 0:00,260.96,134.49,198.14,283.79,164.01,173,314.38,195.46,176.42,211.1833333
2/1/1974 0:00,232.68,181.24,177.97,258.73,181.2,178.94,252.27,167.66,143.62,197.1455556
3/1/1974 0:00,297.08,298.68,390.65,320.74,270.95,296.33,350.77,333.83,306.02,318.3388889
4/1/1974 0:00,194.17,189.28,163.51,179.04,160.52,127.69,198.69,163.74,111.83,165.3855556
5/1/1974 0:00,80.71,34.81,55.01,53.85,55.86,37.05,75.45,69.73,35.92,55.37666667
6/1/1974 0:00,10.34,14.26,5.77,11.44,3.93,13.27,4.7,1.94,3.48,7.681111111
7/1/1974 0:00,0.02,0.14,0.08,0.08,0.63,0.19,0,0.07,0.07,0.142222222
8/1/1974 0:00,3.95,0.33,2.08,1.92,0.87,1.35,1.57,4.49,2.97,2.17
9/1/1974 0:00,7.5,5.72,8.42,0.03,9.2,15.49,1.97,14.03,10.05,8.045555556
10/1/1974 0:00,128.79,112.77,103.45,137.79,100.51,88.79,183.56,176.74,125.07,128.6077778
11/1/1974 0:00,193.59,164.18,142.09,195.4,188.28,189.69,200.27,102.61,126.63,166.9711111
12/1/1974 0:00,217.25,142.15,117.02,273.81,158.14,78.28,260.98,156.53,84.73,165.4322222
1/1/1975 0:00,235.52,187.98,102.64,246.74,222.38,148.67,276.95,168.79,154.06,193.7477778
2/1/1975 0:00,188.03,118.41,112.97,186.7,131.85,125.16,184.42,147.32,162.36,150.8022222
3/1/1975 0:00,231.75,117.26,161.54,184.08,162.35,162.98,188.93,149.05,156.34,168.2533333
4/1/1975 0:00,139.31,104.37,103.84,111.24,82.24,136.68,100.86,108.22,122.14,112.1
5/1/1975 0:00,6.44,2.85,2.61,0.43,2.04,5.13,1.4,2.45,0.97,2.702222222
6/1/1975 0:00,0.03,0.01,0.1,0,0.34,4.01,0,0.14,3.58,0.912222222
7/1/1975 0:00,5.68,2.79,13.41,6.53,4.87,7.03,6.04,2.09,1.4,5.537777778
8/1/1975 0:00,0.1,0.03,0.08,0.1,0.73,0.05,0.19,0.76,0.66,0.3
9/1/1975 0:00,10.58,0.9,0.86,0.01,2.99,0.63,8.41,4.25,1.35,3.331111111
10/1/1975 0:00,177.18,160.37,134.86,208.52,150.51,143.41,179.84,141.15,184.38,164.4688889
11/1/1975 0:00,139.86,126.96,116.52,128.44,127.03,108.94,140.89,119.93,107.19,123.9733333
12/1/1975 0:00,170.14,120.97,121.23,164.07,128.91,108.13,154.21,144.3,95.71,134.1855556
1/1/1976 0:00,180.99,143.99,107.15,85.58,130.78,90.23,127.26,63.17,54.83,109.3311111
2/1/1976 0:00,226.16,166.45,209.36,179.73,195.17,196.91,300.53,240.34,178.04,210.2988889
3/1/1976 0:00,129.09,91.61,60.19,81.87,109.62,82.23,95.83,94.09,89.01,92.61555556
4/1/1976 0:00,89.75,38.87,55.03,147.84,33.33,45.59,143.1,56.94,52.64,73.67666667
5/1/1976 0:00,50.22,24.42,10.95,83.16,27.56,16.32,71.56,27.1,26.46,37.52777778
6/1/1976 0:00,0,0.01,0,0.01,0.37,1.02,0.21,0.45,1.03,0.344444444
7/1/1976 0:00,0.08,0.12,0.05,0.06,0.76,0.06,0,0.51,0.08,0.191111111
8/1/1976 0:00,2.37,0.04,0.08,0.1,0.85,0.09,0.18,0.5,0.01,0.468888889
9/1/1976 0:00,76.23,55.75,48.9,95.87,71.67,42.27,112.89,62,46.08,67.96222222
10/1/1976 0:00,187.96,173.33,126.53,199.23,203.24,156.36,175.89,143.12,158.32,169.3311111
11/1/1976 0:00,245.32,234.9,200.6,250.19,239.3,193.12,298.51,183.94,188.34,226.0244444
12/1/1976 0:00,162.03,82.61,87.38,155.39,126.02,86.37,199.99,124.17,96.08,124.4488889
1/1/1977 0:00,321.1,278.52,305.01,291.21,292.14,244.47,259.36,229.75,192.97,268.2811111
2/1/1977 0:00,130.4,85.83,53.51,143.6,54.63,58.32,123.64,49.51,24.96,80.48888889
3/1/1977 0:00,140.27,94.41,75.11,129.12,96.26,78.5,98.51,46.73,33.94,88.09444444
4/1/1977 0:00,140.38,115.08,136.08,161.87,93.7,97.49,126.53,63.57,88.81,113.7233333
5/1/1977 0:00,42.89,4.43,22.31,34.31,14.55,16.4,34.46,24.2,23.7,24.13888889
6/1/1977 0:00,5.6,2.23,0.53,23.93,7.59,2.62,32.21,8.69,3.21,9.623333333
7/1/1977 0:00,0.06,0.14,0.04,0,0.06,0.74,0,0.11,0.04,0.132222222
8/1/1977 0:00,6.05,0.03,0.76,0.35,0.74,0.73,0.18,0.5,0,1.037777778
9/1/1977 0:00,73.32,62.57,76.74,99.42,116.76,117.85,56.92,74.41,68.01,82.88888889
10/1/1977 0:00,106.94,122.26,84.52,90.83,59.81,70.89,106.13,78.22,64.73,87.14777778
11/1/1977 0:00,151.12,133.49,99.92,184.63,118.53,117.64,206.94,187.56,146.36,149.5766667
12/1/1977 0:00,267.8,254.95,259.74,281.42,219.93,265.2,289.23,201.75,225.79,251.7566667
1/1/1978 0:00,182.58,69.96,74.23,261.96,188.17,108.67,317.56,171.52,147.93,169.1755556
2/1/1978 0:00,266.92,274.37,274.82,253.42,293.2,325.56,333.06,290.97,356.54,296.54
3/1/1978 0:00,238.71,209.79,242.41,276.3,234.82,240.18,234.23,223.23,207.09,234.0844444
4/1/1978 0:00,104.01,107.71,90.7,161.37,180.62,137.14,152.73,198.71,177.92,145.6566667
5/1/1978 0:00,78.59,64.67,42.1,71.61,57.09,40.12,49.77,84.65,51.88,60.05333333
6/1/1978 0:00,10.32,4.84,7.61,21.16,14.55,14.23,36.33,37.95,23.33,18.92444444
7/1/1978 0:00,10.16,1.07,0.07,34.3,3.23,1.97,33.21,27.72,8.79,13.39111111
8/1/1978 0:00,0.02,0.15,0.08,0,0.02,0.05,0.16,0.46,0.01,0.105555556
9/1/1978 0:00,6.06,3.8,0.04,11.41,1.96,2.08,13.18,5.21,1.44,5.02
10/1/1978 0:00,133.09,127.03,90.84,112.01,101.6,94.12,127.68,73.94,101.58,106.8766667
11/1/1978 0:00,146.36,165.84,147.55,193.22,163.78,155.71,230.01,169.56,173.68,171.7455556
12/1/1978 0:00,240.79,192.49,199.87,258.74,159.85,216.32,277.12,164.59,248.54,217.59
1/1/1979 0:00,405.04,321.71,277.55,521.92,452.4,329.64,498.98,395.52,329.93,392.5211111
2/1/1979 0:00,304.6,277.66,265.17,323.02,321.39,262.21,333.96,258.95,251.75,288.7455556
3/1/1979 0:00,129.99,127.47,122.42,199.07,106.86,71.37,200.42,145.38,95.96,133.2155556
4/1/1979 0:00,142.07,103.99,79.14,98.44,94.19,71.42,134.75,101.88,91.1,101.8866667
5/1/1979 0:00,23.64,9.76,1.54,31.13,7.76,4.94,15.71,7.17,9.91,12.39555556
6/1/1979 0:00,0.73,5.39,0.88,0.02,0.12,0.16,0,0.03,0.04,0.818888889
7/1/1979 0:00,0.47,0.11,0.04,0,0.04,0.02,0,0.01,0.03,0.08
8/1/1979 0:00,11.39,0.73,2.57,13.83,1.95,0.08,13.43,3.57,0.2,5.305555556
9/1/1979 0:00,26.69,10.36,0.63,34.93,13.47,4.73,32.64,13.08,12.99,16.61333333
10/1/1979 0:00,138.81,76.86,85.11,123.37,151.32,134.35,158.3,153.62,146.34,129.7866667
11/1/1979 0:00,159.81,150.23,148.79,274.06,188.61,184.69,330.45,196.98,202.02,203.96
12/1/1979 0:00,187.87,170.34,256.14,277.45,185.86,228.81,259.71,200.67,175.19,215.7822222
1/1/1980 0:00,322.39,363.1,326.47,314.51,342.11,299.2,282.17,359.77,301.66,323.4866667
2/1/1980 0:00,443.77,516.68,428.11,435.97,399.52,465.1,470.75,404.64,386.45,438.9988889
3/1/1980 0:00,73.49,46.43,36.85,62.52,21.32,21.51,59.76,41.39,57.05,46.70222222
4/1/1980 0:00,101.17,29.5,38.86,143.03,42.48,20.51,141.3,43.1,20.43,64.48666667
5/1/1980 0:00,8.03,1,13.39,9.09,2.34,2.07,3.24,1.52,1.96,4.737777778
6/1/1980 0:00,0.29,0.23,0,1.64,0.09,0.02,0.16,0.09,0.08,0.288888889
7/1/1980 0:00,0.46,0.09,0.04,0,0.03,0.11,0,0.01,0.03,0.085555556
8/1/1980 0:00,0.06,0.01,0.08,0,0.35,0.27,0.16,0.46,0.01,0.155555556
9/1/1980 0:00,55.14,32.34,11.98,51.04,17.61,11.08,47.78,34.22,31.03,32.46888889
10/1/1980 0:00,42.56,44.32,33.3,28.55,70.62,12.37,26.35,45.42,31.63,37.23555556
11/1/1980 0:00,263.67,178.05,203.39,280.75,259.93,186.95,398.97,253.61,197.04,246.9288889
12/1/1980 0:00,273.03,237.42,272.18,385.35,263.6,268.63,398.13,253.74,230.11,286.91
1/1/1981 0:00,193.15,135.31,125.84,256.29,123.16,116.44,340.47,134.82,103.32,169.8666667
2/1/1981 0:00,50.32,30.88,35.53,44.79,15.9,22.29,30.34,25.05,18.19,30.36555556
3/1/1981 0:00,302.67,307.67,294.03,359.53,326.43,382.49,378.87,312.83,331.52,332.8933333
4/1/1981 0:00,87.87,94.25,62.22,102.25,95.05,61.84,77.71,67.65,53.76,78.06666667
5/1/1981 0:00,4.5,0.37,1.03,1.35,7.34,3.2,7.5,4.78,2.94,3.667777778
6/1/1981 0:00,28.25,5.46,0.93,21.5,7.07,5.96,43.1,16.42,9.31,15.33333333
7/1/1981 0:00,0.76,0.09,0.13,2.64,2.32,0.2,2.07,12.24,1.85,2.477777778
8/1/1981 0:00,0.59,3.15,2.04,2.98,4.08,3,10.14,12.76,4.67,4.823333333
9/1/1981 0:00,3.27,0.99,1.83,13.25,0.44,0.95,4.66,0.02,0.02,2.825555556
10/1/1981 0:00,120.31,81.04,48.95,201.57,137.75,58.26,220.78,160.18,86.72,123.9511111
11/1/1981 0:00,233.15,167.2,166.32,341.57,239.73,208.15,358.84,233.92,212.26,240.1266667
12/1/1981 0:00,134.33,106.62,108.1,141.37,59,74.94,162.31,89.9,90.37,107.4377778
1/1/1982 0:00,363.15,301.04,296.51,432.92,267.64,230.7,457.24,281.96,195.89,314.1166667
2/1/1982 0:00,130.85,91.87,82.57,89.69,61.41,62.75,88.34,101.49,101.85,90.09111111
3/1/1982 0:00,183.64,99.5,125.53,205.41,118.2,127.69,254.67,113.52,131.6,151.0844444
4/1/1982 0:00,74.41,86.09,64.71,61.16,77.71,89.99,70.54,73.44,74.2,74.69444444
5/1/1982 0:00,5.94,0.74,0.88,10.91,6.29,1.71,3.2,2.01,1.09,3.641111111
6/1/1982 0:00,0.03,0.26,0,0.02,0.09,0.02,0,0.05,0.21,0.075555556
7/1/1982 0:00,0.45,0.09,0.47,0,0.03,0.08,0.32,0.08,0.04,0.173333333
8/1/1982 0:00,3.34,1.06,0.64,7.15,0.27,0.5,3.51,4.54,3.73,2.748888889
9/1/1982 0:00,59.18,23.08,9.27,31.04,29.18,22.66,45.63,43.34,20.07,31.49444444
10/1/1982 0:00,87.38,58.89,39.79,87.45,74.97,27.8,92.04,48.52,35.08,61.32444444
11/1/1982 0:00,105.78,65.55,23.94,93.79,75.1,29.89,103.24,70.81,37.08,67.24222222
12/1/1982 0:00,202.51,113.92,128.01,188.5,136.04,101.72,171.99,90.41,91.95,136.1166667
1/1/1983 0:00,324.36,282.09,210.28,359.84,265.31,185.71,437.79,291.7,208.14,285.0244444
2/1/1983 0:00,186,150.68,131.95,277.31,143.03,167.98,259.57,172.87,175.69,185.0088889
3/1/1983 0:00,220.44,185.85,176.22,270.12,162.19,184.7,312.09,235.07,146.15,210.3144444
4/1/1983 0:00,14.91,21.89,39.61,18.86,23.51,52.97,12.46,15.65,25.18,25.00444444
5/1/1983 0:00,3.62,0.47,0.32,0,1.03,1.7,0.03,1.38,2.32,1.207777778
6/1/1983 0:00,0.02,0.19,0,0.02,0.09,0.08,0.02,0.13,0.22,0.085555556
7/1/1983 0:00,0.43,0.09,0.04,0,0.03,0,0,0.03,0.02,0.071111111
8/1/1983 0:00,0.88,0.02,0.18,2.87,0,0.03,0.37,0.44,0,0.532222222
9/1/1983 0:00,19.26,0.45,5.98,27.66,2.23,1.93,23.64,3.28,5.39,9.98
10/1/1983 0:00,64.52,67.01,24.32,67.6,56.83,24.81,78.36,60.87,55.78,55.56666667
11/1/1983 0:00,152.82,177.74,202.75,184.6,164.54,160.39,252.25,214.75,187.73,188.6188889
12/1/1983 0:00,256.97,179.7,148.23,308.52,191.77,156.06,364.77,262.01,184.97,228.1111111
1/1/1984 0:00,159.95,63.15,79.81,106.39,91.25,56.91,183.58,115.42,70.82,103.0311111
2/1/1984 0:00,141.39,90.3,74.08,192.34,101.75,49.06,141.91,85.96,47.05,102.6488889
3/1/1984 0:00,210.68,154.66,171.77,255.5,176.14,167.64,307.57,182.02,193.71,202.1877778
4/1/1984 0:00,129.62,135.09,86.36,118.46,115.09,83.25,113.25,68.79,58.09,100.8888889
5/1/1984 0:00,2.65,5.38,3.04,2.47,10.94,7.45,9.04,2.96,6.19,5.568888889
6/1/1984 0:00,0.33,0.23,0.16,0.02,0.25,0.71,0.21,0.14,0.08,0.236666667
7/1/1984 0:00,0.32,0.35,0.05,0.09,0.87,0.38,0,1.02,0.5,0.397777778
8/1/1984 0:00,13.41,13.98,1.96,21.78,30.8,6.34,11.68,15.65,34.67,16.69666667
9/1/1984 0:00,37.8,11.63,25.74,35.89,16.67,33.61,34.03,41.89,31.44,29.85555556
10/1/1984 0:00,130.83,96.83,66.77,123.07,104.39,75.34,127.77,154.22,128.04,111.9177778
11/1/1984 0:00,80.63,70.32,57.26,96.25,73,52.67,115.13,100.93,71.3,79.72111111
12/1/1984 0:00,147.88,74.4,100.8,176.6,75.8,81.01,191.8,88.86,83.64,113.4211111
1/1/1985 0:00,404.81,397.23,445.84,484.4,429.5,411.25,544.07,486.92,406.48,445.6111111
2/1/1985 0:00,160.79,111.42,128.64,202.05,108.95,92.28,192.7,82.71,80.23,128.8633333
3/1/1985 0:00,177.74,81.21,111.43,212.71,140.31,120.67,197.91,178.11,137.5,150.8433333
4/1/1985 0:00,139.74,94.71,112.33,229.87,62.21,59.63,207.32,88.08,44.02,115.3233333
5/1/1985 0:00,37.9,21.43,53.87,25.6,16.51,30.71,15.38,8.75,17.05,25.24444444
6/1/1985 0:00,0.57,2.98,5.87,0.37,3.55,2.27,0.03,0.39,1.76,1.976666667
7/1/1985 0:00,1.56,2.48,1.3,1.75,1.69,0.36,0.45,0.1,0.04,1.081111111
8/1/1985 0:00,2.41,1.9,0.14,0.76,1.66,0.19,0.01,0.01,0.13,0.801111111
9/1/1985 0:00,55.96,40.84,28.74,34.28,33,47.62,44,61.21,61.04,45.18777778
10/1/1985 0:00,192.88,70.75,139.46,212.92,108.61,108.9,224.94,105.81,120.95,142.8022222
11/1/1985 0:00,236.44,128.96,119.25,252.68,183.8,139.62,220.18,241.76,173.1,188.4211111
12/1/1985 0:00,358.68,366.97,383.38,401.15,394.41,369.06,471.04,375.52,335.34,383.95
1/1/1986 0:00,219.37,215.28,151.13,281.03,156.61,139.36,314.33,227.99,172.68,208.6422222
2/1/1986 0:00,154.8,109.77,104.86,152.25,92.23,125.09,174.86,92.5,93.55,122.2122222
3/1/1986 0:00,182.77,124.55,121.95,181.24,111.01,97.22,199.69,96.6,72.92,131.9944444
4/1/1986 0:00,158.75,104.15,107.75,137.64,72.48,80.71,145.78,76.07,86.52,107.7611111
5/1/1986 0:00,10.78,8.08,7.14,9.42,2.91,3.26,29.18,2.35,3.6,8.524444444
6/1/1986 0:00,0.26,0.17,0,0.04,0.14,0.08,0.02,0.01,0.28,0.111111111
7/1/1986 0:00,0.68,1.53,0.24,0.49,1.01,0.2,2.98,2.96,3.77,1.54
8/1/1986 0:00,1.78,0.02,3.96,9.54,11.22,6.93,5.58,19.64,20.97,8.848888889
9/1/1986 0:00,8.95,7.99,1.03,7.96,4.67,1.8,5.9,5.16,6.82,5.586666667
10/1/1986 0:00,147.22,118.26,84.96,174.94,119.12,140.51,147.1,143.08,126.39,133.5088889
11/1/1986 0:00,110.58,75.84,59.27,140.62,54.46,53.43,106.28,67.55,44.71,79.19333333
12/1/1986 0:00,176.05,128.8,113.18,287.9,181.81,135.35,286.49,212.41,151.62,185.9566667
1/1/1987 0:00,142.22,81.33,69.35,187.03,85.36,62.16,140.66,66.02,56.09,98.91333333
2/1/1987 0:00,130.43,70.75,35.37,199.09,54.16,13.15,162.33,75.13,36.81,86.35777778
3/1/1987 0:00,295.02,221.89,168.45,379.42,217.93,220.25,400.99,299.23,245.02,272.0222222
4/1/1987 0:00,108.89,69.79,91.18,106.76,109.4,85.2,139.16,136.51,108.74,106.1811111
5/1/1987 0:00,23.85,23.63,9.44,13.17,14.2,16.07,9.64,9.23,28.28,16.39
6/1/1987 0:00,0.05,0.15,0,0.04,0.14,0,0.02,0.01,0.32,0.081111111
7/1/1987 0:00,0.05,0.14,0.04,0.01,0.05,0.04,0,0.3,0.15,0.086666667
8/1/1987 0:00,0.94,0,0.09,2.19,0,0.04,0.73,0,0,0.443333333
9/1/1987 0:00,21.02,4.6,2.43,20.25,16.84,8.88,25.11,15.39,11.87,14.04333333
10/1/1987 0:00,61.1,33.02,30.23,85.46,48.54,19.16,62.82,40.45,42.7,47.05333333
11/1/1987 0:00,238.02,250.45,201.93,236.59,274.09,200.73,287.14,249.94,207.43,238.48
12/1/1987 0:00,189.17,118.04,127.72,428.43,182.25,130.32,577.03,296.03,206.25,250.5822222
1/1/1988 0:00,222.15,117.47,140.52,240.65,115.35,100.65,313.01,200.34,132.98,175.9022222
2/1/1988 0:00,215.79,202.77,194.62,349.59,173.5,135.11,437.08,182.77,135.46,225.1877778
3/1/1988 0:00,184.63,155.55,148.22,305.74,232.43,127.1,373.56,232,200.79,217.78
4/1/1988 0:00,117.99,77.29,49.84,165.28,74.09,66.23,153.42,102.48,84.02,98.96
5/1/1988 0:00,7.66,6.12,0.76,4.76,7.43,1.02,7.11,0.38,0.08,3.924444444
6/1/1988 0:00,3.08,0.69,0,0.3,0.58,0,2.44,0.25,0.25,0.843333333
7/1/1988 0:00,0.05,0.14,0.04,0.01,0.04,0.02,0.01,0.03,0.01,0.038888889
8/1/1988 0:00,0.06,0,0.08,0,0,0.04,0.22,0.17,2.05,0.291111111
9/1/1988 0:00,8.16,3.18,2.42,14.82,11.2,5.47,8.86,10.18,7.18,7.941111111
10/1/1988 0:00,100.53,70.51,45.36,87.74,103.12,66.09,135.87,97.4,101.28,89.76666667
11/1/1988 0:00,137.11,143.66,80.85,161.18,146.44,91.15,170.62,144.06,89.58,129.4055556
12/1/1988 0:00,242.5,244.44,239.03,223.35,274,220.92,386.48,361.85,281.64,274.9122222
1/1/1989 0:00,151.15,59.72,55.11,182.29,61.17,51.89,131.82,58.04,77.49,92.07555556
2/1/1989 0:00,174.21,124.05,126.99,215.99,152.37,137.87,213.99,185.8,124.73,161.7777778
3/1/1989 0:00,245.96,217.49,218.85,273.73,151.9,136.26,208.68,123.75,103.02,186.6266667
4/1/1989 0:00,154.81,110.34,82.74,115.99,76.18,52.05,85.2,39.5,44.6,84.60111111
5/1/1989 0:00,51.39,45.75,29.72,23.47,28.81,21.24,23.25,5.23,9.14,26.44444444
6/1/1989 0:00,10.14,3.64,4.85,13.01,11.1,3.58,10.38,11.44,9.39,8.614444444
7/1/1989 0:00,10.96,1.23,2.49,6.16,16.42,2.58,10.29,10.95,0.74,6.868888889
8/1/1989 0:00,1.17,0.46,1.09,0.21,2.02,1.04,1.58,0.75,1.17,1.054444444
9/1/1989 0:00,39.38,16.65,16.97,54.97,25.49,16.01,43.7,28.96,20.08,29.13444444
10/1/1989 0:00,74.84,46.83,27.72,143.72,51.63,30.22,153.6,50.32,39.7,68.73111111
11/1/1989 0:00,188.16,196.59,187.51,216.18,324.29,235.17,300.61,308.8,231.41,243.1911111
12/1/1989 0:00,554.6,389.78,390.72,525.31,513.54,447.02,591.69,566.98,472.37,494.6677778
1/1/1990 0:00,117.55,48.03,56.51,92.92,43.3,23.19,107.54,48.98,34.68,63.63333333
2/1/1990 0:00,272.09,208.92,134.47,252.36,257.79,145.3,208.82,224.7,184.07,209.8355556
3/1/1990 0:00,147.5,53.16,50.62,87.23,48,65.98,110.6,64.19,60.89,76.46333333
4/1/1990 0:00,45.65,53.51,27.43,34.71,34.89,32.42,31.59,10.33,20.8,32.37
5/1/1990 0:00,38.65,5.47,3.57,50.24,15.43,9.18,86.92,53.39,32.09,32.77111111
6/1/1990 0:00,2.23,1.86,0,1.42,2.75,0.31,0.06,0.29,0.73,1.072222222
7/1/1990 0:00,2.02,3.65,0.21,4.88,9.3,1.74,3.06,5,2.51,3.596666667
8/1/1990 0:00,6.39,0.33,0.09,15.93,4.34,1.21,25.91,14.65,3.8,8.072222222
9/1/1990 0:00,32.09,19,2.95,34.78,33.04,17.39,35.58,20.64,18.65,23.79111111
10/1/1990 0:00,75.81,67.81,53.48,66.08,69.76,54.17,80.72,55.61,92.83,68.47444444
11/1/1990 0:00,70.86,54.05,73.29,119.86,98.74,113.47,133.78,117.77,111.71,99.28111111
12/1/1990 0:00,229.47,100.41,132.9,232.61,131.48,88.33,172.15,148.72,117.29,150.3733333
1/1/1991 0:00,340.55,223.12,213.42,344.56,258.14,164.21,467.24,340.37,173.27,280.5422222
2/1/1991 0:00,111.36,49.77,152.13,187.83,71.31,84.08,239.34,87.5,76.94,117.8066667
3/1/1991 0:00,248.3,166.41,170.97,185.2,175.63,118.16,193.23,177.95,136.5,174.7055556
4/1/1991 0:00,107.28,91.18,75.82,49.44,63.85,57.76,92.59,84.02,65.4,76.37111111
5/1/1991 0:00,9.42,7.21,0.59,14.92,5.71,2.36,30.96,4.06,1.23,8.495555556
6/1/1991 0:00,0.01,0.1,0,0.01,0.1,0.28,0.16,0,0.38,0.115555556
7/1/1991 0:00,0.04,0.09,0.05,0,0.02,0.03,0.01,0.04,0.03,0.034444444
8/1/1991 0:00,0.04,0.14,0.05,0,0.04,0.05,0.34,0.07,0.42,0.127777778
9/1/1991 0:00,28.61,1.73,0.05,45.17,11.2,1.09,54.92,28.14,14.65,20.61777778
10/1/1991 0:00,71.62,7.39,2.41,40.7,25.35,10.02,29.57,13.99,27.19,25.36
11/1/1991 0:00,164.12,202.3,182.33,279.8,189.75,232.84,300.64,240.87,212.2,222.7611111
12/1/1991 0:00,157.95,122.79,118.09,199.37,155.9,157.72,231.35,156.57,156.03,161.7522222
1/1/1992 0:00,388.69,417.24,465.02,479.73,417.5,403.99,513.9,425.97,382.15,432.6877778
2/1/1992 0:00,319.12,145.26,161.33,450.06,226.09,167.94,493.01,298.43,257.34,279.8422222
3/1/1992 0:00,71.21,15.34,24.2,102.61,20.84,27.88,144.26,26.4,18.69,50.15888889
4/1/1992 0:00,94.03,73.43,35.12,91.59,65.05,34.82,137.17,60.76,46.63,70.95555556
5/1/1992 0:00,12.5,13.61,1.4,1.9,3.21,2.48,4.15,5.34,6.26,5.65
6/1/1992 0:00,0.48,0.31,0.52,2,0.08,0.24,0.98,0.01,0.21,0.536666667
7/1/1992 0:00,0,0,0.1,0.01,0.02,0.02,0.01,0.05,0.1,0.034444444
8/1/1992 0:00,0.18,0,0.22,0.91,0.02,0.22,5.59,1.65,0.64,1.047777778
9/1/1992 0:00,28.27,34.26,14.83,24.35,10.84,26.83,47.6,34.86,42.39,29.35888889
10/1/1992 0:00,85.86,72.17,53.3,98.22,87.24,70.54,216,108.32,80.25,96.87777778
11/1/1992 0:00,277.81,289.74,148.4,304.23,174.97,143.23,311.06,263.59,223.83,237.4288889
12/1/1992 0:00,374.99,260.89,247.06,492.23,237.26,208.6,461.08,329.12,291.84,322.5633333
1/1/1993 0:00,127.24,48.33,61.8,96.36,74.87,77.68,92.47,69.53,59.84,78.68
2/1/1993 0:00,254.34,229.76,139.91,259.98,177.85,142.15,387.72,191.15,139.24,213.5666667
3/1/1993 0:00,81.89,75.74,51.99,75.05,34.81,22.12,83.38,13.59,14.03,50.28888889
4/1/1993 0:00,93.32,87.39,61.95,93.88,59.79,48.87,117.5,83.04,64.55,78.92111111
5/1/1993 0:00,40.13,48.61,28.07,44.5,11.19,20.13,33.84,44.54,21.82,32.53666667
6/1/1993 0:00,0.02,0.33,0.65,0.01,0.68,1.3,0.9,1.97,0.27,0.681111111
7/1/1993 0:00,0.3,0.01,0.1,0.89,0.02,0.02,0.04,0.04,0.1,0.168888889
8/1/1993 0:00,6.31,0,0.35,1.42,0.26,0.38,3.23,5.54,1.32,2.09
9/1/1993 0:00,71.78,32.72,20.04,46.76,64.64,15.93,40.25,61.94,31.51,42.84111111
10/1/1993 0:00,54.41,41.86,63.18,75.88,65.76,90.16,69.46,45.41,52.9,62.11333333
11/1/1993 0:00,96.16,97.22,60.63,105.99,94.41,92.92,179.3,124.48,91.48,104.7322222
12/1/1993 0:00,209.24,165.95,97.04,166,151.86,95.25,267.97,199.39,146.7,166.6
1/1/1994 0:00,246.88,186.87,134.88,249.29,182.99,144.18,379.24,273.6,203.08,222.3344444
2/1/1994 0:00,225.44,152.4,191.43,261.4,161.97,142.09,287.5,142.18,99.3,184.8566667
3/1/1994 0:00,245.88,218.28,185.45,237.19,211.51,225.4,361.38,270.2,262.33,246.4022222
4/1/1994 0:00,164.08,53.32,74.87,149.22,54.56,73.33,114.42,127.25,96,100.7833333
5/1/1994 0:00,7.32,1.46,0.27,12.4,4.07,1.64,9.57,9.68,4.39,5.644444444
6/1/1994 0:00,4.97,0.4,4.35,17.65,1.32,19.5,12.81,8.48,19.87,9.927777778
7/1/1994 0:00,0.56,0,0.13,0.01,0.02,0.2,0.01,0.04,0.11,0.12
8/1/1994 0:00,0.04,0,0.11,0,0.01,0.22,0.22,0.01,0.59,0.133333333
9/1/1994 0:00,6.56,0.18,0.18,6,0.23,0.37,3.98,0.04,1.1,2.071111111
10/1/1994 0:00,61.3,34.95,17.87,22.22,39.81,22.37,56.03,39.87,19.95,34.93
11/1/1994 0:00,149.81,123.36,62.8,255.6,130.61,83.43,234.15,167.33,135.92,149.2233333
12/1/1994 0:00,154.61,144.6,80.89,214.48,118.38,88.65,200.93,150.68,99.8,139.2244444
1/1/1995 0:00,187.91,100.03,136.12,237.27,150.55,117.12,251.07,148.11,88.89,157.4522222
2/1/1995 0:00,191.94,95.33,104.18,286.91,135.18,107.23,308.65,231.34,229.29,187.7833333
3/1/1995 0:00,178.83,137.27,118.69,252.39,140.57,124.41,263.95,157.66,269.96,182.6366667
4/1/1995 0:00,155.13,106.66,68.65,303.86,57.71,74.1,283.57,100.58,81.93,136.91
5/1/1995 0:00,86.66,72.27,88.97,135.05,85.5,88.97,153.12,71.38,57.07,93.22111111
6/1/1995 0:00,0.02,0.33,0.7,0.02,0.52,1,3.73,8.78,0.26,1.706666667
7/1/1995 0:00,0,0,0.06,0.01,0.02,0.02,0.01,0.04,0.1,0.028888889
8/1/1995 0:00,0.04,0,0.14,0,0.01,0.22,0.22,0.01,0.6,0.137777778
9/1/1995 0:00,0.25,0.1,0.21,0.06,0.29,0.37,0.94,0.32,1.11,0.405555556
10/1/1995 0:00,95.61,51.88,58.31,99.19,74.37,66.44,98.61,118.65,112.37,86.15888889
11/1/1995 0:00,307.73,261.61,228.21,224.43,212.81,205.67,254.46,230.66,318.84,249.38
12/1/1995 0:00,216.05,188.56,212.71,287.29,274.39,243.56,268.26,248.35,381.05,257.8022222
1/1/1996 0:00,142.99,71.25,42.95,145.44,53.84,23.27,164.46,77.01,43.25,84.94
2/1/1996 0:00,145.44,59.49,108.75,120.25,106.43,100.92,120.08,58.58,94.61,101.6166667
3/1/1996 0:00,202.55,121.62,120.4,253.03,103.42,110.49,189.95,141.16,117.92,151.1711111
4/1/1996 0:00,132.02,114.35,152.95,121.66,114.4,75.37,96.14,79.72,64.45,105.6733333
5/1/1996 0:00,48.99,22.02,27.44,42.63,34.12,33.04,48.64,17.84,12.8,31.94666667
6/1/1996 0:00,0.02,0.31,9.45,0.02,0.08,0.59,1.47,0.04,0.21,1.354444444
7/1/1996 0:00,0,0,0.1,0.01,0.02,0.02,0.01,0.05,0.1,0.034444444
8/1/1996 0:00,0.16,0,1.65,0.24,0.3,0.57,1.22,1.11,0.96,0.69
9/1/1996 0:00,12.56,0.25,0.18,0.88,0.23,0.4,4.45,0.78,1.21,2.326666667
10/1/1996 0:00,112.53,27.98,50.13,119.89,118.72,68.18,148.14,157.1,85.72,98.71
11/1/1996 0:00,242.65,169.32,156.66,330.85,233.54,232.18,301.9,309.18,200.85,241.9033333
12/1/1996 0:00,160.89,72.97,111.65,214.79,114.31,99.58,240.73,172.27,110.66,144.2055556
1/1/1997 0:00,303.21,279.86,225.29,300.65,177.41,184.7,317.76,181.57,167.8,237.5833333
2/1/1997 0:00,161.76,118.62,109.09,152.86,128.65,115.89,176.67,112.84,112.33,132.0788889
3/1/1997 0:00,397.77,510.05,405.97,350.34,383.74,344.92,433.01,421.8,407.36,406.1066667
4/1/1997 0:00,156.73,73.48,81.88,164.14,112.6,94.69,183.77,182.77,177.52,136.3977778
5/1/1997 0:00,17.35,6.96,2.76,48.81,33.09,18.27,21.37,11.15,9.58,18.81555556
6/1/1997 0:00,3.33,6.88,1.96,5.34,12.68,4.27,3.59,8.61,8.36,6.113333333
7/1/1997 0:00,0,0,0.06,0.01,0.02,0.02,0.05,0.05,0.88,0.121111111
8/1/1997 0:00,0.04,0,0.11,0,0.01,0.22,0.21,0.01,0.62,0.135555556
9/1/1997 0:00,37.01,5.26,0.96,39.86,6.12,4.61,28.63,8.42,11.55,15.82444444
10/1/1997 0:00,97.37,108.42,163.78,86.04,98.31,119.84,132.73,112.57,108.43,114.1655556
11/1/1997 0:00,106.4,97.6,58.8,100.65,89.9,55.28,126.49,73.55,44.95,83.73555556
12/1/1997 0:00,166.15,65.34,132.59,156.62,103.85,140.97,167.23,130.87,119.06,131.4088889
1/1/1998 0:00,220.97,159.51,180.23,247.64,204.01,176.31,239.87,175.67,150.01,194.9133333
2/1/1998 0:00,206.14,140.77,135.52,235.16,208.6,160.89,275.55,192.3,179.27,192.6888889
3/1/1998 0:00,108.47,86.53,100.25,143.31,46.19,97.96,130.89,57.17,70.36,93.45888889
4/1/1998 0:00,27.67,31.9,14.17,18.37,16.55,16.87,31.8,6.35,18.56,20.24888889
5/1/1998 0:00,41.43,4.66,8.21,65.03,26.18,12.64,20.22,13.2,5.1,21.85222222
6/1/1998 0:00,1.17,0.3,0.27,0.15,0.38,0.43,0.18,1.65,1.03,0.617777778
7/1/1998 0:00,2.21,0.01,0.65,0.01,0.02,0.02,0,0.05,0.08,0.338888889
8/1/1998 0:00,0.05,0,0.11,0.34,0.49,0.22,0.72,1.55,0.62,0.455555556
9/1/1998 0:00,1.82,0.1,0.18,3.88,0.17,0.37,5.23,0.04,1.24,1.447777778
10/1/1998 0:00,86.05,73.22,48.67,68.65,111.86,59.24,52.28,74.54,56.06,70.06333333
11/1/1998 0:00,231.61,254.06,286.79,337.51,289.44,261.17,255.36,256.43,272.09,271.6066667
12/1/1998 0:00,217.4,194.57,183.67,256.13,178.72,127.04,248.58,200.44,187.1,199.2944444
1/1/1999 0:00,224.7,127.29,105.44,221.04,126.43,73.35,219.32,116.69,69.79,142.6722222
2/1/1999 0:00,216.87,264.42,155.11,207.93,205.67,134.43,210.54,207.21,207.89,201.1188889
3/1/1999 0:00,151.38,133.56,109.77,192.91,128.31,112.28,174.28,124.44,134.52,140.1611111
4/1/1999 0:00,39.78,33.57,13.84,31.83,18.92,16.54,27.11,10.63,23.47,23.96555556
5/1/1999 0:00,37.77,8.23,14.22,40.06,13.55,12.77,29.4,13.71,8.48,19.79888889
6/1/1999 0:00,0.03,0.33,0.43,0.02,0.51,0.7,0.2,0.01,0.29,0.28
7/1/1999 0:00,0,0,0.06,0.01,0.02,0.02,0.01,0.05,0.08,0.027777778
8/1/1999 0:00,0.04,0,0.23,0,0.33,1.55,0.23,0.12,0.82,0.368888889
9/1/1999 0:00,30.64,14.38,31.49,57.44,23.68,31.98,25.12,14.06,17.67,27.38444444
10/1/1999 0:00,130.01,54.42,77.09,161.26,172.79,112.49,137.7,152.67,166.31,129.4155556
11/1/1999 0:00,240.2,279.47,211.5,277.08,327.59,287.78,287.72,351.72,310.22,285.92
12/1/1999 0:00,338.51,255.63,222.6,362.96,328.28,261.55,325.45,275.16,271.45,293.51
1/1/2000 0:00,202.72,213.58,233.17,264.76,202.38,208.94,272.22,159.63,162.62,213.3355556
2/1/2000 0:00,281.77,236.74,264.19,281.33,243.22,240.14,225.91,220.62,199.25,243.6855556
3/1/2000 0:00,212.38,152.04,120.69,283.05,131.75,106.04,273.8,168.23,95.76,171.5266667
4/1/2000 0:00,109.54,84.62,101.58,101.79,50.93,69.01,138.48,55.15,64.36,86.16222222
5/1/2000 0:00,0.95,4.11,1.93,0.09,2.65,3.43,0.03,0.28,2.14,1.734444444
6/1/2000 0:00,0.02,0.56,0.29,0.06,0.28,0.27,0.2,0.14,0.46,0.253333333
7/1/2000 0:00,8.83,0.35,6.17,4.01,0.33,1.99,1.16,0.4,0.02,2.584444444
8/1/2000 0:00,0.05,0.04,0.14,0.39,0.03,0.86,1.17,0.12,8.17,1.218888889
9/1/2000 0:00,26.18,10.24,12.76,42.92,50.59,19.06,36.65,35.49,30.64,29.39222222
10/1/2000 0:00,90.89,72,31.15,104.02,82.39,29.02,78.23,86.67,69.29,71.51777778
11/1/2000 0:00,195.93,215.45,282.81,265.04,240.26,273.87,298.63,214.8,213.17,244.44
12/1/2000 0:00,415.93,309.2,332.39,428.54,292.39,279.2,330.4,281.27,238.54,323.0955556
1/1/2001 0:00,94.16,62.51,51.6,84.53,52.73,32.46,120.6,83.2,34.34,68.45888889
2/1/2001 0:00,210,112.65,176.93,192.62,113.58,114.3,222.47,73.14,56.47,141.3511111
3/1/2001 0:00,182.53,182.99,147.44,218.11,160.18,117.82,243.83,188.03,129,174.4366667
4/1/2001 0:00,72.09,66.94,68.25,90.92,25.34,43.47,80.73,32.51,30.7,56.77222222
5/1/2001 0:00,23.38,20.92,22.89,50.36,16.34,18.27,35.05,14.09,15.68,24.10888889
6/1/2001 0:00,0.05,0.56,0.35,0.14,0.09,0.24,0.21,0.05,0.37,0.228888889
7/1/2001 0:00,0,0,0,0,0,0.03,0.03,0.45,1.12,0.181111111
8/1/2001 0:00,0.04,0.05,0.13,4.74,0.33,0.19,6.24,0.26,0.79,1.418888889
9/1/2001 0:00,41.05,13.27,5.95,18.12,10.67,5.5,18.96,15.34,21.17,16.67
10/1/2001 0:00,124.77,98.7,134.4,179.51,117.07,137.41,199.05,125.82,103.46,135.5766667
11/1/2001 0:00,198.93,133.81,135.5,265.95,153.55,127.18,264.41,168.76,148.28,177.3744444
12/1/2001 0:00,145.77,165.56,205.56,227.17,152.78,185.88,254.3,158.88,151.99,183.0988889
1/1/2002 0:00,357.68,281.58,264.41,248.32,162.95,204.55,367.63,190.21,170.71,249.7822222
2/1/2002 0:00,149.37,112.59,88.68,102.92,71.94,103.16,152.11,87.08,119.56,109.7122222
3/1/2002 0:00,106.1,64.47,60.15,157.66,49.38,43.25,164.25,81.65,53.59,86.72222222
4/1/2002 0:00,91.97,74.76,68.35,85.56,56.05,64.26,79.5,51.04,55.98,69.71888889
5/1/2002 0:00,22.26,23.37,24.64,21.91,18.95,28.82,23.01,16.17,23.68,22.53444444
6/1/2002 0:00,0.02,0.58,0.29,0.01,0.03,0.17,0.2,0.01,0.2,0.167777778
7/1/2002 0:00,0.36,0,0.16,2.51,2.13,3.41,1.18,4.52,4.8,2.118888889
8/1/2002 0:00,0.03,0.04,0.49,0,0.01,0.22,0.22,0.01,0.78,0.2
9/1/2002 0:00,29.9,22.4,26.66,22.36,21.86,43.18,75.77,23.55,30.12,32.86666667
10/1/2002 0:00,68.74,17.05,9.63,33.06,16.27,21.99,58.68,44.59,42.52,34.72555556
11/1/2002 0:00,87.39,63.85,56.79,117.65,71.74,76.6,99.08,84.3,91.14,83.17111111
12/1/2002 0:00,282.34,244.37,231.27,318.07,272.66,248.37,281.57,278.9,260.95,268.7222222
1/1/2003 0:00,296.82,258.95,224.39,332.91,192.31,185.14,264.45,212.78,177.98,238.4144444
2/1/2003 0:00,134.23,195.41,149.34,165.63,127.27,96.15,211.18,137.74,80.72,144.1855556
3/1/2003 0:00,195.16,126.72,154.03,299.67,85.33,173.6,241.29,115.66,142.09,170.3944444
4/1/2003 0:00,87.39,69.09,41.02,133.02,58.09,35.03,147.95,101.05,74.05,82.96555556
5/1/2003 0:00,60.58,14.16,22.47,58.85,18.06,24.85,39.41,20.82,12.83,30.22555556
6/1/2003 0:00,0.01,0.58,0.18,0.01,0.03,0.15,0.27,0.01,0.19,0.158888889
7/1/2003 0:00,0,0,0.01,0,0,0.04,0.01,0.05,0.01,0.013333333
8/1/2003 0:00,23.99,12.71,8.91,34.25,11.05,5.53,20.15,24.75,24.87,18.46777778
9/1/2003 0:00,24.06,5.26,1.96,28.42,21.35,4.39,30.2,26.76,11.27,17.07444444
10/1/2003 0:00,38.89,40.57,30.09,37.02,19.9,22.66,59.63,45.68,41.07,37.27888889
11/1/2003 0:00,171.75,161.81,114.46,160.71,162.06,141.24,222.41,174.87,144.51,161.5355556
12/1/2003 0:00,156.22,94.61,76.74,157.01,97.08,64.12,187.11,155.09,118.29,122.9188889
1/1/2004 0:00,347.87,385.04,430.28,455.48,364.81,415.47,517.86,347.22,384.46,405.3877778
2/1/2004 0:00,333.97,208.99,179.98,406.33,223.36,174.48,390.68,275.15,202.59,266.17
3/1/2004 0:00,181.53,165.74,159.6,234.99,229.33,206.72,291.45,216.66,184.96,207.8866667
4/1/2004 0:00,85.6,33.03,16.8,162.23,27.67,19.97,239.02,56.64,42.37,75.92555556
5/1/2004 0:00,0.32,3.03,2.83,4.03,2.33,3.12,8.76,3.35,0.72,3.165555556
6/1/2004 0:00,0.42,0.82,0.2,0.01,0.03,0.16,0.21,0.06,0.19,0.233333333
7/1/2004 0:00,0.11,0,0.01,0.03,0,0.02,0.05,0.05,0,0.03
8/1/2004 0:00,8.13,3.15,1.5,12.79,2.72,0.68,6.74,6.37,6.35,5.381111111
9/1/2004 0:00,4.15,0,0,0,0.01,0.06,0.54,0.02,2.11,0.765555556
10/1/2004 0:00,80.19,37.11,41.33,79.05,53.89,77.31,87.57,55.86,75.41,65.30222222
11/1/2004 0:00,134.22,179.13,171.3,149.83,201.27,143.03,166.95,119.38,130.39,155.0555556
12/1/2004 0:00,104.2,47.56,61.06,151.19,86.29,73.65,188.31,160.87,112.33,109.4955556
1/1/2005 0:00,202.27,168.39,166.88,327.17,133.45,193.79,283,149.9,228.17,205.8911111
2/1/2005 0:00,239.6,290.16,230.62,241.41,220.54,213.71,268.56,168.87,231.32,233.8655556
3/1/2005 0:00,315.79,178.55,118.58,398.56,197.06,104.23,492.9,267.43,135.84,245.4377778
4/1/2005 0:00,85.64,136.54,105.41,67.08,98.33,73.15,112.39,52.51,63.01,88.22888889
5/1/2005 0:00,31.43,58.65,43.98,56.86,97.3,29.27,56.6,57.74,46.75,53.17555556
6/1/2005 0:00,0.01,0.58,0.21,0.02,0.03,0.16,0.26,0.25,0.19,0.19
7/1/2005 0:00,0,0,0.01,0,0,0.02,0.17,0.5,0.01,0.078888889
8/1/2005 0:00,0.04,0.04,0.49,0.01,0.01,0.2,0.25,0.01,0.75,0.2
9/1/2005 0:00,38.35,7.49,3.38,22.66,19.13,7.56,40.41,15.71,14.89,18.84222222
10/1/2005 0:00,15.97,20.03,30.65,6.73,28.37,39.72,22.19,9.53,33.13,22.92444444
11/1/2005 0:00,158.88,174.95,148.73,219.1,194.47,181.36,299.25,210.92,186.95,197.1788889
12/1/2005 0:00,184.55,156.12,136.95,292.02,202.76,139.06,290.47,267.61,206.61,208.4611111
1/1/2006 0:00,87.49,46.79,26.17,64.27,12.54,26.47,107.32,44.38,18.46,48.21
2/1/2006 0:00,188.82,204.28,168.12,190.22,146.03,124.26,167.42,122.8,106.37,157.5911111
3/1/2006 0:00,257.85,271.43,250.65,284.88,273.66,253.93,290.64,240.36,254.01,264.1566667
4/1/2006 0:00,230.68,186.06,173.75,151.88,155.72,158.25,219.93,123.93,129.04,169.9155556
5/1/2006 0:00,56.54,6.32,7.41,88.64,23.8,21.99,57.83,52.09,60.81,41.71444444
6/1/2006 0:00,0.03,2.19,1.23,0.14,0.29,0.21,0.2,0.01,0.78,0.564444444
7/1/2006 0:00,0,0,0,0,0,0.02,0.01,0.05,0,0.008888889
8/1/2006 0:00,0.7,0.03,0.49,0,0.01,0.24,0.45,0.06,1.06,0.337777778
9/1/2006 0:00,86.63,46.18,22.33,89.54,23.64,9.57,42.25,22.8,14.79,39.74777778
10/1/2006 0:00,174.53,122.98,121.88,194.21,172.92,124.98,186.48,148.49,156.4,155.8744444
11/1/2006 0:00,114.86,94.96,120.81,159.95,150.06,137.2,159.33,199.43,138.2,141.6444444
12/1/2006 0:00,138.56,85.47,119.04,236.05,129.19,128,247.65,140.18,93.38,146.3911111
1/1/2007 0:00,203.52,144.16,127.08,271.37,241.26,99.19,151.55,120.63,79.84,159.8444444
2/1/2007 0:00,347.52,278.09,288.69,314.05,203.39,297.27,368.09,253.91,295.3,294.0344444
3/1/2007 0:00,76.07,51.73,54.98,91.64,40.6,30.98,103,44.8,31.57,58.37444444
4/1/2007 0:00,95.25,72.13,56.38,51.93,35.97,52.53,30.17,35.43,49.81,53.28888889
5/1/2007 0:00,2.88,1.4,1.61,11.67,1.92,4.03,18.61,1.97,7.26,5.705555556
6/1/2007 0:00,0.1,0.57,0.34,1.4,0.08,0.19,1.68,0.04,0.19,0.51
7/1/2007 0:00,0,0,0.01,0.11,0.01,0.02,0.29,0.06,0,0.055555556
8/1/2007 0:00,0.07,0.03,0.49,0.02,0.01,0.2,0.05,0.01,0.75,0.181111111
9/1/2007 0:00,5.2,0,0,4.45,0.12,0.03,2.47,0.09,1.92,1.586666667
10/1/2007 0:00,28.05,13.76,10.13,26.22,9.75,8.28,38.04,34.81,27.43,21.83
11/1/2007 0:00,104.52,245.53,209.68,109.52,193.38,179.41,167.97,162.01,112.49,164.9455556
12/1/2007 0:00,151.23,78.26,83.36,163.99,73.3,119.91,148.9,106.59,121.44,116.3311111
1/1/2008 0:00,175.85,109.96,98.71,161.21,81.44,90.49,199.83,141.58,121.58,131.1833333
2/1/2008 0:00,251.93,310.66,243.93,224.01,209.85,208.02,178.32,134.05,149.73,212.2777778
3/1/2008 0:00,294,176.29,170.55,260.73,174.25,183.94,235.69,222.58,220.31,215.3711111
4/1/2008 0:00,93.77,86.62,97.46,128.05,112.39,121.02,171.57,79.31,105.41,110.6222222
5/1/2008 0:00,27.02,2.67,2.95,14.34,15.41,14.34,7.31,12.76,8.86,11.74
6/1/2008 0:00,0.01,0.56,0.18,0.01,0.03,0.15,0.2,0.01,0.19,0.148888889
7/1/2008 0:00,0,0,0.01,0,0,0.02,0.01,0.05,0,0.01
8/1/2008 0:00,0.03,0.03,0.48,0,0.01,0.2,0.57,0.41,0.75,0.275555556
9/1/2008 0:00,21.24,7.18,3.95,42.54,30.42,2.76,15.66,19.45,24.41,18.62333333
10/1/2008 0:00,14.33,6.21,4.48,2.43,4.95,2.01,15.74,4.27,10.7,7.235555556
11/1/2008 0:00,286.97,257.15,189.06,335.49,264.37,166.48,390.38,220.53,174.44,253.8744444
12/1/2008 0:00,221.87,179.65,163.11,302.97,173.27,184.46,394.74,199.31,185.95,222.8144444
1/1/2009 0:00,273.16,177.01,153.16,292.37,174.06,177.31,246.06,204.27,170.08,207.4977778
2/1/2009 0:00,209.16,199.06,177.46,189.27,129.22,136.08,145.69,84.02,96.47,151.8255556
3/1/2009 0:00,220.85,122.02,161.74,216.5,147.8,163.88,157.66,142.59,144.6,164.1822222
4/1/2009 0:00,243.29,208.09,158,307.46,178.03,153.61,282.97,227.27,214.46,219.2422222
5/1/2009 0:00,129.2,110.8,68.42,168.3,94.18,43.64,143.86,79.45,47.39,98.36
6/1/2009 0:00,22.26,37.72,43.77,39.23,35.78,32.05,24.43,29.09,28.75,32.56444444
7/1/2009 0:00,0,0,0.01,0,0,0.02,0.33,0.05,0,0.045555556
8/1/2009 0:00,0.12,0.02,0.49,0.02,0.01,0.2,0.49,0.01,0.81,0.241111111
9/1/2009 0:00,39.72,9.52,1.05,24.34,4.12,4.13,34.04,8.11,12.84,15.31888889
10/1/2009 0:00,222.79,291.2,245.67,233.52,276.18,179.08,254.28,181.86,224.19,234.3077778
11/1/2009 0:00,149.19,83.44,46.6,185.16,107.81,45.5,154.13,118.2,73.45,107.0533333
12/1/2009 0:00,222.8,123.51,129.49,334.29,206.46,187.33,258.12,216.04,238.79,212.9811111
1/1/2010 0:00,174.35,79.54,61.4,231.17,78.89,49.56,227.95,79.39,57.21,115.4955556
2/1/2010 0:00,154.69,134.78,123.37,191.34,108.74,74.85,156.67,83.24,66.2,121.5422222
3/1/2010 0:00,180.57,109.65,116.24,268.46,205.86,120.64,259.75,211.09,194.51,185.1966667
4/1/2010 0:00,96.25,111.35,122.39,92.73,67.74,117.42,85.29,58.38,124.5,97.33888889
5/1/2010 0:00,47.07,37.64,23.51,25.36,19.48,21.56,13.34,14.59,11.22,23.75222222
6/1/2010 0:00,0.03,0.54,0.23,0.01,0.03,0.14,0.13,0.01,0.19,0.145555556
7/1/2010 0:00,0,0.97,1.65,0,0.11,2.34,0.01,0.07,0.45,0.622222222
8/1/2010 0:00,0.03,0.03,0.49,0,0.01,0.2,0.15,0.01,0.75,0.185555556
9/1/2010 0:00,3.9,4.9,1.91,15.66,3.71,4.83,15.29,4.7,10.16,7.228888889
10/1/2010 0:00,129.68,124.53,103.55,117.99,97.84,87.36,145.87,129.1,101.64,115.2844444
11/1/2010 0:00,125.44,102.93,99.72,181.11,161.39,160.46,185.79,170.78,179.86,151.9422222
12/1/2010 0:00,250.44,125.66,122.32,204.91,166.09,112.11,220.15,158.88,181.3,171.3177778
1/1/2011 0:00,216.46,142.89,122.75,232.23,128.15,175.89,209.75,147.64,176.96,172.5244444
2/1/2011 0:00,259.35,172.22,167.67,276.06,165.53,155.74,312.9,187.22,154.04,205.6366667
3/1/2011 0:00,206.84,174.55,217.07,286.22,164.35,188.07,347.97,149.98,177.61,212.5177778
4/1/2011 0:00,99,25.55,63.55,161.84,44.62,45.13,106.31,45.47,45.33,70.75555556
5/1/2011 0:00,31.09,8.1,1.53,46.64,14.4,1.66,47.56,17.4,3.22,19.06666667
6/1/2011 0:00,0,0,0,1.08,0.02,0.11,1.54,0.08,0.1,0.325555556
7/1/2011 0:00,0,0,0,0.25,0.41,0,0.16,0.33,0,0.127777778
8/1/2011 0:00,0,0,0.79,0.01,0.13,0.03,0,0.06,0.5,0.168888889
9/1/2011 0:00,0,0,1,3.44,0.97,0.48,1.74,0,2.5,1.125555556
10/1/2011 0:00,131.7,151.92,90.8,158.66,170.43,129.03,167.3,171.63,171.69,149.24
11/1/2011 0:00,246.31,203.17,119.83,314.62,242.67,167,339.84,253.97,193.37,231.1977778
12/1/2011 0:00,258.61,205.86,170.12,318.3,236.65,190.2,345.32,263.05,211.77,244.4311111
1/1/2012 0:00,298.74,154.1,99.84,291.33,158.71,98.78,326.17,180.89,103.16,190.1911111
2/1/2012 0:00,229.75,98.87,76.2,184.29,90.04,72.93,188.23,94.69,77.29,123.5877778
3/1/2012 0:00,112.22,64.88,94.35,143.53,62.72,66.33,156.29,78.77,61.74,93.42555556
4/1/2012 0:00,93.08,36.56,25.72,81.01,19.93,14.96,78.59,22.84,19.54,43.58111111
5/1/2012 0:00,47.52,8.94,4.85,38.88,12.53,5.18,35.14,15.01,11.92,19.99666667
6/1/2012 0:00,5.2,0.28,0.03,2.25,0.21,0.38,1.58,0.48,0.85,1.251111111
7/1/2012 0:00,0,0,0,0.25,0.41,0,0.16,0.33,0,0.127777778
8/1/2012 0:00,0,0,0.38,0.01,0.13,0.01,0,0.06,0.48,0.118888889
9/1/2012 0:00,0.18,0.04,1.19,7.27,1.84,0.79,5.12,0.2,3.04,2.185555556
10/1/2012 0:00,36.39,10.79,10.95,18.45,15.85,7.96,18.88,14.27,32.29,18.42555556
11/1/2012 0:00,272.14,281.68,203.55,360.5,319.55,257.49,384.48,329.15,301.14,301.0755556
12/1/2012 0:00,68.45,19.76,63.05,94.57,32.88,38.19,115.2,56.34,22.74,56.79777778
1/1/2013 0:00,398.57,337.26,231.68,455.98,352.24,266.26,480.99,359.81,275.64,350.9366667
2/1/2013 0:00,135.18,65.2,56.53,86.21,48.88,57.68,85.97,48.34,68.11,72.45555556
3/1/2013 0:00,224.21,100.72,97.58,180.16,96.19,91.29,189.98,121.61,100.31,133.5611111
4/1/2013 0:00,100.85,101.44,104.34,152.38,86.5,82.97,168.92,95.69,78.85,107.9933333
5/1/2013 0:00,38.15,6.99,2.23,37.87,11.3,2.06,36.47,13.58,5.3,17.10555556
6/1/2013 0:00,1.07,0.11,0,4.94,0.43,0.56,5.85,1.67,5.68,2.256666667
7/1/2013 0:00,0,0,0,0.25,0.41,0,0.16,0.33,0,0.127777778
8/1/2013 0:00,0,0,0.02,0.06,0.25,0.02,0.01,0.4,0.93,0.187777778
9/1/2013 0:00,5.64,1.04,0.43,10.3,5.54,2.19,8.21,4.74,6.82,4.99
10/1/2013 0:00,89.63,53.44,35.27,101.5,63.04,36.84,108.95,73.76,78.99,71.26888889
11/1/2013 0:00,190.55,192.2,178.02,202.69,201.02,196.86,213.61,213.39,228.04,201.82
12/1/2013 0:00,383.49,315.87,326.55,362.59,290.95,300.43,369.69,297.11,269.29,323.9966667
1/1/2014 0:00,137.45,48.18,28.26,182.3,58.02,20.87,205.72,75.78,25.05,86.84777778
2/1/2014 0:00,150.72,90.37,83.27,136.31,96.28,88.3,142.59,111.77,121.51,113.4577778
3/1/2014 0:00,163.85,123.3,144.19,232.83,123.72,114.31,255.37,147.26,117.36,158.0211111
4/1/2014 0:00,102.02,95.18,105.33,165.29,102.1,90.53,171.28,113.31,99.25,116.0322222
5/1/2014 0:00,37.52,9.8,4.37,43.07,10.45,3.19,45.89,17.18,6.65,19.79111111
6/1/2014 0:00,0.27,2.76,3.4,1.28,0.95,2.59,1.62,0.39,0.76,1.557777778
7/1/2014 0:00,0.2,0,0,0.25,0.44,0,0.16,0.42,0.01,0.164444444
8/1/2014 0:00,0.1,0,0.06,0.19,0.25,0.03,0,0.12,0.49,0.137777778
9/1/2014 0:00,17.9,2.7,4.24,12.7,7.96,4.22,6.5,7.08,9.48,8.086666667
10/1/2014 0:00,62.71,52.12,51.44,117.98,58.5,34.44,133.69,55.98,33.79,66.73888889
11/1/2014 0:00,234.82,199.26,191.04,343.75,221.52,184.93,366.39,230.95,176.23,238.7655556
12/1/2014 0:00,258.32,190.4,181.67,268.24,240.86,214.45,273.11,252.43,199.6,231.0088889
1/1/2015 0:00,149.24,145.04,120.58,88.57,148.03,141.62,92.52,132.56,133.74,127.9888889
2/1/2015 0:00,233.77,205,178,168.14,145.66,155,175.48,146.57,169.07,175.1877778
3/1/2015 0:00,275.44,142.93,92.19,265.94,130.76,89.91,281.49,175.42,129.52,175.9555556
4/1/2015 0:00,232.72,173.56,160.2,392.48,205.87,158.36,407.46,248.58,202.21,242.3822222
5/1/2015 0:00,13.82,4.34,11.49,21.95,11.65,8.03,21.87,14.59,16.2,13.77111111
6/1/2015 0:00,0.11,0.38,0.18,1.21,0.07,0.35,1.62,0.39,0.27,0.508888889
7/1/2015 0:00,0.26,0,0,0.26,0.44,0,0.16,0.42,0.01,0.172222222
8/1/2015 0:00,0,0,0.06,0.03,0.25,0.02,0.01,0.4,0.93,0.188888889
9/1/2015 0:00,7.13,1.4,0.42,6.85,2.17,0.52,3.87,0.34,3.12,2.868888889
10/1/2015 0:00,41.44,45.27,46.23,41.78,39.41,33.69,50.42,26.4,29.65,39.36555556
11/1/2015 0:00,111.62,113.67,102.19,112.31,125.17,119.32,138.56,128.72,123.09,119.4055556
12/1/2015 0:00,57.64,18.98,32.38,35.18,12.31,20.78,43.24,13.02,3.59,26.34666667
1/1/2016 0:00,512.9,710.56,773.25,398.55,617.13,716.79,378.84,492.7,540.63,571.2611111
2/1/2016 0:00,31.37,46.03,65.46,53.7,25.57,38.24,71.62,16.54,30.04,42.06333333
3/1/2016 0:00,120.19,52.17,41.29,134.74,63.49,45.15,146.71,96.18,72.77,85.85444444
4/1/2016 0:00,12.85,11.42,14.23,24.9,4.76,9.74,22.99,6.77,22.96,14.51333333
5/1/2016 0:00,5.48,0,0,9.06,0.76,0.09,6.67,2.89,2.38,3.036666667
6/1/2016 0:00,22.57,11.29,0.95,8.9,2.55,0.97,9.95,4.79,3.01,7.22
7/1/2016 0:00,0.2,0,0,0.26,0.44,0,0.16,0.37,0.01,0.16
8/1/2016 0:00,0,0,0.02,0.06,0.25,0.02,0.21,0.52,0.94,0.224444444
9/1/2016 0:00,43.28,19.79,17.24,50.36,24.62,17.49,46.35,24.92,16.92,28.99666667
10/1/2016 0:00,77.11,58.41,56.34,82.83,84.32,59.95,83.44,89.24,94.49,76.23666667
11/1/2016 0:00,155.76,125.5,105.88,167.5,137.35,127.5,178,138.96,132.01,140.94
12/1/2016 0:00,166.39,148.28,157.48,189.78,137.34,141.63,206.29,122.39,70.28,148.8733333
1/1/2017 0:00,179.96,185.27,190.65,90.19,89.19,124.87,93.42,35.66,42.12,114.5922222
2/1/2017 0:00,229.49,263.73,277.23,254.37,246.03,251.27,265.59,228.33,220.34,248.4866667
3/1/2017 0:00,173.79,136.56,141.59,285.28,166.43,138.83,311.15,181.27,119.92,183.8688889
4/1/2017 0:00,114.07,84.01,47.66,47.56,31.48,43.96,42.4,39.31,74.69,58.34888889
5/1/2017 0:00,12.49,0.31,0.5,29.99,6.46,0.14,32.31,12.57,3.8,10.95222222
6/1/2017 0:00,2.22,1.39,0.18,1.18,0.08,0.33,1.54,0.12,0.14,0.797777778
7/1/2017 0:00,0.18,0,0,0.26,0.43,0,0.15,0.34,0.01,0.152222222
8/1/2017 0:00,0,0,0.21,0.03,0.24,0.03,0,0.32,0.99,0.202222222
9/1/2017 0:00,2.48,0.28,0.41,3.72,1.79,0.62,1.61,0.16,3.37,1.604444444
10/1/2017 0:00,51.61,36.44,24.35,7.16,13.59,8.01,8.46,4.54,20.27,19.38111111
11/1/2017 0:00,167.87,113.5,94.36,187.75,114.91,92.32,208.18,133.75,112.89,136.17
12/1/2017 0:00,196.04,148.39,178.98,169.87,122.58,127.33,180.32,125.29,92.61,149.0455556
1/1/2018 0:00,159.99,104.04,96,201.59,105.96,67.49,227.32,135.35,110.17,134.2122222
2/1/2018 0:00,229.19,198.11,198.67,266.8,225.94,216.39,273.93,248.99,269.02,236.3377778
3/1/2018 0:00,208.85,156.45,151.97,275.56,187.32,155.79,291.34,216.14,170.94,201.5955556
4/1/2018 0:00,143.63,84.48,74.74,170.1,82.75,70.61,169.43,87.8,68.45,105.7766667
5/1/2018 0:00,2.27,0,0,12.67,1.02,0.06,11.72,3.34,1.35,3.603333333
6/1/2018 0:00,0.12,0.74,0.84,1.19,0.13,0.81,1.58,0.35,0.35,0.678888889
7/1/2018 0:00,0.18,0,0,0.26,0.44,0,0.15,0.38,0.01,0.157777778
8/1/2018 0:00,10.07,11.56,11.48,1.21,4.35,7.19,2.6,1.68,2.05,5.798888889
9/1/2018 0:00,5.72,0.84,0.44,4.83,1.97,0.62,2.64,0.22,3.37,2.294444444
10/1/2018 0:00,140.12,109.02,103.19,145.55,92.22,77.31,156.1,95.95,92.37,112.4255556
11/1/2018 0:00,197.38,147.21,114.13,254.99,185.77,142.74,277.46,221.86,195.04,192.9533333
12/1/2018 0:00,224.14,148.09,167.22,264.14,132.97,132.03,283.92,142.17,95.34,176.6688889
1/1/2019 0:00,118.85,70.63,57.56,103.94,54.26,43.23,112.91,50.55,39.11,72.33777778
2/1/2019 0:00,170.88,195.46,211.17,135.65,151.93,177.69,141.2,129.74,151.99,162.8566667
3/1/2019 0:00,193.3,173.02,211.43,323.3,248.42,215.82,341.38,297.48,276.84,253.4433333
4/1/2019 0:00,137.35,93.8,72.93,166.86,83.46,72.56,174.49,98.62,89.06,109.9033333
5/1/2019 0:00,59.68,58.47,58.55,33.09,40.39,42.12,28.47,33.47,32.02,42.91777778
6/1/2019 0:00,0.07,0.29,0.14,1.14,0.08,0.35,1.56,0.32,0.31,0.473333333
7/1/2019 0:00,0,0,0,0.26,0.43,0,0.14,0.37,0.01,0.134444444
8/1/2019 0:00,0.02,0,0.07,0.04,0.26,0.03,0.01,0.3,1,0.192222222
9/1/2019 0:00,11.38,5.08,3.08,6.85,2.65,3.37,3.33,3.29,12.03,5.673333333
10/1/2019 0:00,75.3,60.08,48.98,71.12,57.56,43.67,72.85,52.88,55.25,59.74333333
11/1/2019 0:00,123.03,172.12,159.64,191.34,139.85,133.11,227.49,124.86,71.91,149.2611111
12/1/2019 0:00,73.27,44.64,55.31,76.66,46.97,50.2,81.44,61.08,61.23,61.2
1/1/2020 0:00,179.82,115.33,186.65,387.31,273.93,248.43,427.94,321.47,282.14,269.2244444
2/1/2020 0:00,141.55,141.88,170.54,218.45,176.05,167.88,236.52,184.18,175.21,179.14
3/1/2020 0:00,258.8,249.94,248.38,282.81,250.77,245.07,296.78,265.79,261.56,262.2111111
4/1/2020 0:00,98.39,66.44,71.15,197.17,121.38,87.74,212.55,156.94,141.12,128.0977778
5/1/2020 0:00,38.73,8.95,2.47,51.12,21.3,8.84,50.73,31.32,31.38,27.20444444
6/1/2020 0:00,0.37,1.03,2.1,1.31,0.11,0.41,1.5,0.08,0.16,0.785555556
7/1/2020 0:00,0.2,0.05,0.18,0.29,0.46,0.02,0.14,0.33,0.01,0.186666667
8/1/2020 0:00,0,0,0.24,0.03,0.25,0.01,0,0.07,0.51,0.123333333
9/1/2020 0:00,6.57,0.4,0.6,9.15,5.88,3.11,4.72,3.94,8.94,4.812222222
10/1/2020 0:00,75.71,60.69,75.4,119.8,78.23,61.72,135.6,72.33,57.34,81.86888889
11/1/2020 0:00,128.29,165.73,196.1,232.62,228.45,216.7,255.52,228.45,218.67,207.8366667
12/1/2020 0:00,121.38,55.02,63.45,121.45,103.2,94.26,114.56,129.81,110.28,101.49
