Date,Q
2010-12-01,275.649
2010-12-02,275.649
2010-12-03,274.268
2010-12-04,272.893
2010-12-05,272.893
2010-12-06,272.893
2010-12-07,272.893
2010-12-08,271.521
2010-12-09,268.792
2010-12-10,267.435
2010-12-11,270.155
2010-12-12,267.435
2010-12-13,270.155
2010-12-14,272.893
2010-12-15,281.217
2010-12-16,284.03
2010-12-17,285.443
2010-12-18,288.283
2010-12-19,291.142
2010-12-20,294.02
2010-12-21,296.917
2010-12-22,299.832
2010-12-23,302.767
2010-12-24,304.241
2010-12-25,305.721
2010-12-26,304.241
2010-12-27,302.767
2010-12-28,298.372
2010-12-29,294.02
2010-12-30,291.142
2010-12-31,292.578
2010-11-01,215.629
2010-11-02,220.359
2010-11-03,225.158
2010-11-04,228.803
2010-11-05,232.487
2010-11-06,231.255
2010-11-07,228.803
2010-11-08,228.803
2010-11-09,227.584
2010-11-10,226.369
2010-11-11,223.952
2010-11-12,221.553
2010-11-13,220.359
2010-11-14,220.359
2010-11-15,219.171
2010-11-16,216.805
2010-11-17,219.171
2010-11-18,227.584
2010-11-19,237.46
2010-11-20,245.051
2010-11-21,251.499
2010-11-22,256.739
2010-11-23,260.716
2010-11-24,268.792
2010-11-25,274.268
2010-11-26,275.649
2010-11-27,278.424
2010-11-28,278.424
2010-11-29,277.034
2010-11-30,275.649
2010-10-01,144.342
2010-10-02,139.897
2010-10-03,147.966
2010-10-04,156.339
2010-10-05,160.16
2010-10-06,163.066
2010-10-07,163.066
2010-10-08,163.066
2010-10-09,162.094
2010-10-10,160.16
2010-10-11,159.199
2010-10-12,159.199
2010-10-13,161.125
2010-10-14,161.125
2010-10-15,162.094
2010-10-16,162.094
2010-10-17,161.125
2010-10-18,160.16
2010-10-19,158.242
2010-10-20,156.339
2010-10-21,160.16
2010-10-22,162.094
2010-10-23,164.043
2010-10-24,167.987
2010-10-25,169.983
2010-10-26,175.042
2010-10-27,178.125
2010-10-28,185.458
2010-10-29,195.18
2010-10-30,201.846
2010-10-31,209.812
2010-09-01,164.043
2010-09-02,163.066
2010-09-03,163.066
2010-09-04,162.094
2010-09-05,162.094
2010-09-06,161.125
2010-09-07,161.125
2010-09-08,161.125
2010-09-09,161.125
2010-09-10,160.16
2010-09-11,160.16
2010-09-12,160.16
2010-09-13,159.199
2010-09-14,159.199
2010-09-15,158.242
2010-09-16,158.242
2010-09-17,158.242
2010-09-18,158.242
2010-09-19,158.242
2010-09-20,157.289
2010-09-21,157.289
2010-09-22,156.339
2010-09-23,156.339
2010-09-24,156.339
2010-09-25,156.339
2010-09-26,156.339
2010-09-27,156.339
2010-09-28,156.339
2010-09-29,155.394
2010-09-30,153.514
2010-08-01,171.995
2010-08-02,171.995
2010-08-03,170.987
2010-08-04,170.987
2010-08-05,170.987
2010-08-06,170.987
2010-08-07,169.983
2010-08-08,169.983
2010-08-09,169.983
2010-08-10,169.983
2010-08-11,168.983
2010-08-12,168.983
2010-08-13,168.983
2010-08-14,168.983
2010-08-15,168.983
2010-08-16,168.983
2010-08-17,168.983
2010-08-18,168.983
2010-08-19,167.987
2010-08-20,166.995
2010-08-21,166.995
2010-08-22,166.995
2010-08-23,166.995
2010-08-24,166.995
2010-08-25,166.995
2010-08-26,166.007
2010-08-27,166.007
2010-08-28,166.007
2010-08-29,165.023
2010-08-30,165.023
2010-08-31,165.023
2010-07-01,178.125
2010-07-02,178.125
2010-07-03,178.125
2010-07-04,179.161
2010-07-05,179.161
2010-07-06,179.161
2010-07-07,178.125
2010-07-08,178.125
2010-07-09,178.125
2010-07-10,178.125
2010-07-11,178.125
2010-07-12,178.125
2010-07-13,178.125
2010-07-14,177.093
2010-07-15,177.093
2010-07-16,177.093
2010-07-17,177.093
2010-07-18,177.093
2010-07-19,176.066
2010-07-20,176.066
2010-07-21,176.066
2010-07-22,175.042
2010-07-23,175.042
2010-07-24,175.042
2010-07-25,175.042
2010-07-26,174.022
2010-07-27,173.007
2010-07-28,173.007
2010-07-29,171.995
2010-07-30,171.995
2010-07-31,171.995
2010-06-01,204.101
2010-06-02,202.971
2010-06-03,200.724
2010-06-04,198.494
2010-06-05,196.28
2010-06-06,195.18
2010-06-07,194.083
2010-06-08,192.991
2010-06-09,191.902
2010-06-10,190.818
2010-06-11,189.738
2010-06-12,189.738
2010-06-13,188.662
2010-06-14,187.59
2010-06-15,186.522
2010-06-16,185.458
2010-06-17,184.399
2010-06-18,183.343
2010-06-19,183.343
2010-06-20,183.343
2010-06-21,183.343
2010-06-22,182.291
2010-06-23,182.291
2010-06-24,181.244
2010-06-25,180.2
2010-06-26,180.2
2010-06-27,180.2
2010-06-28,179.161
2010-06-29,179.161
2010-06-30,179.161
2010-05-01,258.06
2010-05-02,251.499
2010-05-03,245.051
2010-05-04,238.714
2010-05-05,232.487
2010-05-06,226.369
2010-05-07,221.553
2010-05-08,217.986
2010-05-09,214.457
2010-05-10,210.967
2010-05-11,208.661
2010-05-12,207.515
2010-05-13,205.235
2010-05-14,204.101
2010-05-15,204.101
2010-05-16,205.235
2010-05-17,207.515
2010-05-18,208.661
2010-05-19,209.812
2010-05-20,209.812
2010-05-21,209.812
2010-05-22,208.661
2010-05-23,207.515
2010-05-24,207.515
2010-05-25,206.373
2010-05-26,206.373
2010-05-27,206.373
2010-05-28,206.373
2010-05-29,207.515
2010-05-30,207.515
2010-05-31,206.373
2010-04-01,316.21
2010-04-02,314.697
2010-04-03,310.187
2010-04-04,310.187
2010-04-05,308.694
2010-04-06,305.721
2010-04-07,305.721
2010-04-08,310.187
2010-04-09,317.728
2010-04-10,320.778
2010-04-11,320.778
2010-04-12,320.778
2010-04-13,320.778
2010-04-14,322.311
2010-04-15,323.848
2010-04-16,325.39
2010-04-17,325.39
2010-04-18,322.311
2010-04-19,316.21
2010-04-20,308.694
2010-04-21,299.832
2010-04-22,294.02
2010-04-23,291.142
2010-04-24,288.283
2010-04-25,284.03
2010-04-26,281.217
2010-04-27,278.424
2010-04-28,274.268
2010-04-29,268.792
2010-04-30,263.39
2010-03-01,228.803
2010-03-02,230.027
2010-03-03,234.964
2010-03-04,242.503
2010-03-05,255.422
2010-03-06,266.082
2010-03-07,274.268
2010-03-08,279.818
2010-03-09,285.443
2010-03-10,292.578
2010-03-11,296.917
2010-03-12,301.297
2010-03-13,304.241
2010-03-14,304.241
2010-03-15,305.721
2010-03-16,308.694
2010-03-17,311.686
2010-03-18,314.697
2010-03-19,314.697
2010-03-20,313.189
2010-03-21,310.187
2010-03-22,302.767
2010-03-23,296.917
2010-03-24,295.466
2010-03-25,292.578
2010-03-26,292.578
2010-03-27,295.466
2010-03-28,299.832
2010-03-29,305.721
2010-03-30,311.686
2010-03-31,316.21
2010-02-01,268.792
2010-02-02,267.435
2010-02-03,267.435
2010-02-04,263.39
2010-02-05,263.39
2010-02-06,254.11
2010-02-07,247.617
2010-02-08,246.332
2010-02-09,241.235
2010-02-10,236.21
2010-02-11,233.723
2010-02-12,231.255
2010-02-13,228.803
2010-02-14,228.803
2010-02-15,231.255
2010-02-16,232.487
2010-02-17,232.487
2010-02-18,231.255
2010-02-19,231.255
2010-02-20,228.803
2010-02-21,228.803
2010-02-22,227.584
2010-02-23,228.803
2010-02-24,231.255
2010-02-25,230.027
2010-02-26,228.803
2010-02-27,227.584
2010-02-28,228.803
2010-01-01,278.424
2010-01-02,281.217
2010-01-03,282.621
2010-01-04,285.443
2010-01-05,289.71
2010-01-06,294.02
2010-01-07,304.241
2010-01-08,308.694
2010-01-09,311.686
2010-01-10,314.697
2010-01-11,316.21
2010-01-12,317.728
2010-01-13,317.728
2010-01-14,316.21
2010-01-15,313.189
2010-01-16,311.686
2010-01-17,307.205
2010-01-18,301.297
2010-01-19,298.372
2010-01-20,295.466
2010-01-21,292.578
2010-01-22,289.71
2010-01-23,286.861
2010-01-24,284.03
2010-01-25,281.217
2010-01-26,279.818
2010-01-27,277.034
2010-01-28,275.649
2010-01-29,272.893
2010-01-30,271.521
2010-01-31,270.155
2009-12-01,287.109
2009-12-02,284.36
2009-12-03,281.618
2009-12-04,280.25
2009-12-05,277.52
2009-12-06,274.797
2009-12-07,274.797
2009-12-08,277.52
2009-12-09,278.884
2009-12-10,282.988
2009-12-11,287.109
2009-12-12,292.63
2009-12-13,298.181
2009-12-14,303.762
2009-12-15,296.917
2009-12-16,301.297
2009-12-17,305.721
2009-12-18,305.721
2009-12-19,301.297
2009-12-20,294.02
2009-12-21,284.03
2009-12-22,275.649
2009-12-23,268.792
2009-12-24,266.082
2009-12-25,266.082
2009-12-26,268.792
2009-12-27,271.521
2009-12-28,272.893
2009-12-29,275.649
2009-12-30,275.649
2009-12-31,275.649
2009-11-01,261.3
2009-11-02,266.675
2009-11-03,273.439
2009-11-04,278.884
2009-11-05,284.36
2009-11-06,291.247
2009-11-07,298.181
2009-11-08,306.564
2009-11-09,313.6
2009-11-10,322.102
2009-11-11,327.807
2009-11-12,329.237
2009-11-13,319.261
2009-11-14,303.762
2009-11-15,292.63
2009-11-16,289.866
2009-11-17,291.247
2009-11-18,294.015
2009-11-19,296.791
2009-11-20,296.791
2009-11-21,296.791
2009-11-22,296.791
2009-11-23,298.181
2009-11-24,298.181
2009-11-25,299.574
2009-11-26,299.574
2009-11-27,298.181
2009-11-28,295.402
2009-11-29,292.63
2009-11-30,289.866
2009-10-01,171.397
2009-10-02,170.21
2009-10-03,169.026
2009-10-04,167.844
2009-10-05,165.487
2009-10-06,165.487
2009-10-07,164.312
2009-10-08,163.14
2009-10-09,169.026
2009-10-10,169.026
2009-10-11,171.397
2009-10-12,176.167
2009-10-13,185.819
2009-10-14,191.926
2009-10-15,198.088
2009-10-16,203.058
2009-10-17,208.063
2009-10-18,211.839
2009-10-19,216.904
2009-10-20,222.003
2009-10-21,224.566
2009-10-22,227.136
2009-10-23,229.715
2009-10-24,229.715
2009-10-25,228.425
2009-10-26,229.715
2009-10-27,231.008
2009-10-28,234.898
2009-10-29,237.502
2009-10-30,244.047
2009-10-31,251.968
2009-09-01,176.167
2009-09-02,174.971
2009-09-03,172.586
2009-09-04,171.397
2009-09-05,171.397
2009-09-06,171.397
2009-09-07,170.21
2009-09-08,170.21
2009-09-09,170.21
2009-09-10,169.026
2009-09-11,167.844
2009-09-12,169.026
2009-09-13,169.026
2009-09-14,169.026
2009-09-15,169.026
2009-09-16,169.026
2009-09-17,167.844
2009-09-18,166.664
2009-09-19,166.664
2009-09-20,165.487
2009-09-21,165.487
2009-09-22,164.312
2009-09-23,163.14
2009-09-24,163.14
2009-09-25,163.14
2009-09-26,165.487
2009-09-27,169.026
2009-09-28,172.586
2009-09-29,173.777
2009-09-30,173.777
2009-08-01,195.616
2009-08-02,194.384
2009-08-03,194.384
2009-08-04,193.154
2009-08-05,191.926
2009-08-06,190.7
2009-08-07,189.476
2009-08-08,189.476
2009-08-09,188.255
2009-08-10,187.036
2009-08-11,187.036
2009-08-12,185.819
2009-08-13,184.605
2009-08-14,183.392
2009-08-15,183.392
2009-08-16,183.392
2009-08-17,183.392
2009-08-18,182.182
2009-08-19,182.182
2009-08-20,182.182
2009-08-21,180.975
2009-08-22,182.182
2009-08-23,182.182
2009-08-24,182.182
2009-08-25,180.975
2009-08-26,180.975
2009-08-27,179.769
2009-08-28,179.769
2009-08-29,178.566
2009-08-30,177.366
2009-08-31,177.366
2009-07-01,227.136
2009-07-02,224.566
2009-07-03,223.284
2009-07-04,220.725
2009-07-05,220.725
2009-07-06,218.176
2009-07-07,216.904
2009-07-08,216.904
2009-07-09,214.367
2009-07-10,213.102
2009-07-11,211.839
2009-07-12,211.839
2009-07-13,211.839
2009-07-14,210.578
2009-07-15,209.319
2009-07-16,208.063
2009-07-17,206.808
2009-07-18,206.808
2009-07-19,206.808
2009-07-20,206.808
2009-07-21,205.556
2009-07-22,204.306
2009-07-23,203.058
2009-07-24,201.812
2009-07-25,201.812
2009-07-26,200.568
2009-07-27,200.568
2009-07-28,199.327
2009-07-29,198.088
2009-07-30,196.851
2009-07-31,195.616
2009-06-01,327.807
2009-06-02,324.951
2009-06-03,326.378
2009-06-04,320.681
2009-06-05,315.012
2009-06-06,310.78
2009-06-07,306.564
2009-06-08,302.364
2009-06-09,299.574
2009-06-10,295.402
2009-06-11,291.247
2009-06-12,285.733
2009-06-13,281.618
2009-06-14,277.52
2009-06-15,273.439
2009-06-16,270.727
2009-06-17,268.024
2009-06-18,263.983
2009-06-19,262.641
2009-06-20,258.624
2009-06-21,255.955
2009-06-22,253.295
2009-06-23,250.643
2009-06-24,246.679
2009-06-25,244.047
2009-06-26,240.114
2009-06-27,237.502
2009-06-28,234.898
2009-06-29,232.303
2009-06-30,229.715
2009-05-01,315.012
2009-05-02,317.843
2009-05-03,320.681
2009-05-04,323.526
2009-05-05,327.807
2009-05-06,332.104
2009-05-07,336.417
2009-05-08,343.641
2009-05-09,347.996
2009-05-10,352.366
2009-05-11,357.964
2009-05-12,363.421
2009-05-13,367.534
2009-05-14,370.286
2009-05-15,371.665
2009-05-16,371.665
2009-05-17,371.665
2009-05-18,368.909
2009-05-19,362.054
2009-05-20,352.366
2009-05-21,345.09
2009-05-22,340.746
2009-05-23,337.858
2009-05-24,336.417
2009-05-25,336.417
2009-05-26,336.417
2009-05-27,334.978
2009-05-28,334.978
2009-05-29,333.54
2009-05-30,332.104
2009-05-31,330.67
2009-04-01,300.968
2009-04-02,302.364
2009-04-03,303.762
2009-04-04,310.78
2009-04-05,312.189
2009-04-06,313.6
2009-04-07,316.427
2009-04-08,320.681
2009-04-09,322.102
2009-04-10,322.102
2009-04-11,322.102
2009-04-12,322.102
2009-04-13,317.843
2009-04-14,315.012
2009-04-15,315.012
2009-04-16,315.012
2009-04-17,316.427
2009-04-18,319.261
2009-04-19,320.681
2009-04-20,322.102
2009-04-21,320.681
2009-04-22,317.843
2009-04-23,312.189
2009-04-24,307.967
2009-04-25,305.162
2009-04-26,306.564
2009-04-27,305.162
2009-04-28,303.762
2009-04-29,312.189
2009-04-30,315.012
2009-03-01,294.015
2009-03-02,291.247
2009-03-03,287.109
2009-03-04,282.988
2009-03-05,277.52
2009-03-06,282.988
2009-03-07,276.157
2009-03-08,270.727
2009-03-09,265.328
2009-03-10,261.3
2009-03-11,258.624
2009-03-12,258.624
2009-03-13,258.624
2009-03-14,259.961
2009-03-15,261.3
2009-03-16,263.983
2009-03-17,265.328
2009-03-18,265.328
2009-03-19,265.328
2009-03-20,265.328
2009-03-21,265.328
2009-03-22,268.024
2009-03-23,269.375
2009-03-24,273.439
2009-03-25,277.52
2009-03-26,281.618
2009-03-27,295.402
2009-03-28,295.402
2009-03-29,294.015
2009-03-30,295.402
2009-03-31,299.574
2009-02-01,309.373
2009-02-02,315.012
2009-02-03,316.427
2009-02-04,313.6
2009-02-05,310.78
2009-02-06,307.967
2009-02-07,305.162
2009-02-08,302.364
2009-02-09,299.574
2009-02-10,299.574
2009-02-11,299.574
2009-02-12,299.574
2009-02-13,298.181
2009-02-14,300.968
2009-02-15,302.364
2009-02-16,303.762
2009-02-17,303.762
2009-02-18,305.162
2009-02-19,305.162
2009-02-20,303.762
2009-02-21,302.364
2009-02-22,302.364
2009-02-23,300.968
2009-02-24,302.364
2009-02-25,300.968
2009-02-26,299.574
2009-02-27,298.181
2009-02-28,296.791
2009-01-01,337.858
2009-01-02,336.417
2009-01-03,332.104
2009-01-04,329.237
2009-01-05,324.951
2009-01-06,322.102
2009-01-07,322.102
2009-01-08,322.102
2009-01-09,322.102
2009-01-10,326.378
2009-01-11,330.67
2009-01-12,333.54
2009-01-13,336.417
2009-01-14,336.417
2009-01-15,332.104
2009-01-16,327.807
2009-01-17,319.261
2009-01-18,312.189
2009-01-19,307.967
2009-01-20,305.162
2009-01-21,303.762
2009-01-22,303.762
2009-01-23,303.762
2009-01-24,303.762
2009-01-25,305.162
2009-01-26,307.967
2009-01-27,309.373
2009-01-28,309.373
2009-01-29,307.967
2009-01-30,307.967
2009-01-31,307.967
2008-12-01,244.047
2008-12-02,245.362
2008-12-03,251.968
2008-12-04,254.624
2008-12-05,258.624
2008-12-06,261.3
2008-12-07,261.3
2008-12-08,261.3
2008-12-09,263.983
2008-12-10,266.675
2008-12-11,272.082
2008-12-12,276.157
2008-12-13,278.884
2008-12-14,280.25
2008-12-15,280.25
2008-12-16,287.109
2008-12-17,294.015
2008-12-18,299.574
2008-12-19,306.564
2008-12-20,313.6
2008-12-21,320.681
2008-12-22,329.237
2008-12-23,336.417
2008-12-24,345.09
2008-12-25,346.542
2008-12-26,347.996
2008-12-27,346.542
2008-12-28,342.192
2008-12-29,339.301
2008-12-30,337.858
2008-12-31,337.858
2008-11-01,153.847
2008-11-02,155.0
2008-11-03,153.847
2008-11-04,152.697
2008-11-05,151.548
2008-11-06,149.26
2008-11-07,148.119
2008-11-08,149.26
2008-11-09,150.403
2008-11-10,151.548
2008-11-11,155.0
2008-11-12,159.637
2008-11-13,161.97
2008-11-14,167.844
2008-11-15,172.586
2008-11-16,180.975
2008-11-17,191.926
2008-11-18,199.327
2008-11-19,205.556
2008-11-20,209.319
2008-11-21,219.45
2008-11-22,219.45
2008-11-23,218.176
2008-11-24,220.725
2008-11-25,223.284
2008-11-26,228.425
2008-11-27,232.303
2008-11-28,233.599
2008-11-29,240.114
2008-11-30,240.114
2008-10-01,172.586
2008-10-02,176.167
2008-10-03,177.366
2008-10-04,177.366
2008-10-05,176.167
2008-10-06,174.971
2008-10-07,171.397
2008-10-08,167.844
2008-10-09,166.664
2008-10-10,164.312
2008-10-11,161.97
2008-10-12,159.637
2008-10-13,157.314
2008-10-14,156.156
2008-10-15,155.0
2008-10-16,153.847
2008-10-17,152.697
2008-10-18,152.697
2008-10-19,152.697
2008-10-20,151.548
2008-10-21,151.548
2008-10-22,151.548
2008-10-23,153.847
2008-10-24,155.0
2008-10-25,155.0
2008-10-26,155.0
2008-10-27,155.0
2008-10-28,153.847
2008-10-29,152.697
2008-10-30,151.548
2008-10-31,151.548
2008-09-01,165.487
2008-09-02,165.487
2008-09-03,164.312
2008-09-04,163.14
2008-09-05,161.97
2008-09-06,161.97
2008-09-07,161.97
2008-09-08,161.97
2008-09-09,161.97
2008-09-10,160.802
2008-09-11,160.802
2008-09-12,159.637
2008-09-13,158.474
2008-09-14,158.474
2008-09-15,157.314
2008-09-16,157.314
2008-09-17,157.314
2008-09-18,157.314
2008-09-19,156.156
2008-09-20,156.156
2008-09-21,156.156
2008-09-22,156.156
2008-09-23,157.314
2008-09-24,158.474
2008-09-25,157.314
2008-09-26,158.474
2008-09-27,159.637
2008-09-28,161.97
2008-09-29,165.487
2008-09-30,169.026
2008-08-01,178.566
2008-08-02,179.769
2008-08-03,180.975
2008-08-04,180.975
2008-08-05,179.769
2008-08-06,178.566
2008-08-07,178.566
2008-08-08,177.366
2008-08-09,177.366
2008-08-10,176.167
2008-08-11,174.971
2008-08-12,174.971
2008-08-13,173.777
2008-08-14,172.586
2008-08-15,172.586
2008-08-16,172.586
2008-08-17,172.586
2008-08-18,172.586
2008-08-19,171.397
2008-08-20,171.397
2008-08-21,171.397
2008-08-22,170.21
2008-08-23,170.21
2008-08-24,170.21
2008-08-25,169.026
2008-08-26,169.026
2008-08-27,169.026
2008-08-28,167.844
2008-08-29,167.844
2008-08-30,166.664
2008-08-31,166.664
2008-07-01,188.255
2008-07-02,188.255
2008-07-03,187.036
2008-07-04,187.036
2008-07-05,187.036
2008-07-06,187.036
2008-07-07,187.036
2008-07-08,185.819
2008-07-09,184.605
2008-07-10,184.605
2008-07-11,184.605
2008-07-12,184.605
2008-07-13,185.819
2008-07-14,185.819
2008-07-15,184.605
2008-07-16,183.392
2008-07-17,183.392
2008-07-18,183.392
2008-07-19,183.392
2008-07-20,183.392
2008-07-21,183.392
2008-07-22,183.392
2008-07-23,183.392
2008-07-24,182.182
2008-07-25,182.182
2008-07-26,182.182
2008-07-27,180.975
2008-07-28,179.769
2008-07-29,179.769
2008-07-30,178.566
2008-07-31,178.566
2008-06-01,209.319
2008-06-02,206.808
2008-06-03,205.556
2008-06-04,203.058
2008-06-05,201.812
2008-06-06,200.568
2008-06-07,199.327
2008-06-08,199.327
2008-06-09,198.088
2008-06-10,196.851
2008-06-11,195.616
2008-06-12,194.384
2008-06-13,194.384
2008-06-14,194.384
2008-06-15,194.384
2008-06-16,194.384
2008-06-17,194.384
2008-06-18,193.154
2008-06-19,191.926
2008-06-20,190.7
2008-06-21,190.7
2008-06-22,190.7
2008-06-23,190.7
2008-06-24,190.7
2008-06-25,189.476
2008-06-26,188.255
2008-06-27,188.255
2008-06-28,187.036
2008-06-29,188.255
2008-06-30,188.255
2008-05-01,307.967
2008-05-02,305.162
2008-05-03,300.968
2008-05-04,295.402
2008-05-05,289.866
2008-05-06,282.988
2008-05-07,276.157
2008-05-08,269.375
2008-05-09,262.641
2008-05-10,258.624
2008-05-11,255.955
2008-05-12,254.624
2008-05-13,253.295
2008-05-14,253.295
2008-05-15,251.968
2008-05-16,249.32
2008-05-17,245.362
2008-05-18,241.423
2008-05-19,237.502
2008-05-20,233.599
2008-05-21,228.425
2008-05-22,224.566
2008-05-23,222.003
2008-05-24,219.45
2008-05-25,216.904
2008-05-26,214.367
2008-05-27,211.839
2008-05-28,210.578
2008-05-29,209.319
2008-05-30,209.319
2008-05-31,209.319
2008-04-01,346.542
2008-04-02,349.451
2008-04-03,352.366
2008-04-04,353.827
2008-04-05,359.325
2008-04-06,370.286
2008-04-07,377.199
2008-04-08,384.16
2008-04-09,388.359
2008-04-10,395.397
2008-04-11,399.641
2008-04-12,401.06
2008-04-13,396.81
2008-04-14,389.763
2008-04-15,377.199
2008-04-16,366.161
2008-04-17,355.289
2008-04-18,346.542
2008-04-19,340.746
2008-04-20,336.417
2008-04-21,333.54
2008-04-22,329.237
2008-04-23,326.378
2008-04-24,324.951
2008-04-25,322.102
2008-04-26,320.681
2008-04-27,319.261
2008-04-28,315.012
2008-04-29,312.189
2008-04-30,309.373
2008-03-01,312.189
2008-03-02,315.012
2008-03-03,310.78
2008-03-04,309.373
2008-03-05,309.373
2008-03-06,313.6
2008-03-07,320.681
2008-03-08,327.807
2008-03-09,332.104
2008-03-10,334.978
2008-03-11,334.978
2008-03-12,336.417
2008-03-13,336.417
2008-03-14,332.104
2008-03-15,336.417
2008-03-16,330.67
2008-03-17,327.807
2008-03-18,324.951
2008-03-19,323.526
2008-03-20,324.951
2008-03-21,324.951
2008-03-22,326.378
2008-03-23,324.951
2008-03-24,327.807
2008-03-25,329.237
2008-03-26,333.54
2008-03-27,337.858
2008-03-28,339.301
2008-03-29,339.301
2008-03-30,339.301
2008-03-31,340.746
2008-02-01,233.599
2008-02-02,238.807
2008-02-03,245.362
2008-02-04,250.643
2008-02-05,259.961
2008-02-06,270.727
2008-02-07,284.36
2008-02-08,296.791
2008-02-09,309.373
2008-02-10,317.843
2008-02-11,320.681
2008-02-12,322.102
2008-02-13,315.012
2008-02-14,309.373
2008-02-15,307.967
2008-02-16,303.762
2008-02-17,302.364
2008-02-18,305.162
2008-02-19,306.564
2008-02-20,310.78
2008-02-21,315.012
2008-02-22,317.843
2008-02-23,319.261
2008-02-24,315.012
2008-02-25,310.78
2008-02-26,309.373
2008-02-27,312.189
2008-02-28,313.6
2008-02-29,313.6
2008-01-01,244.047
2008-01-02,238.807
2008-01-03,232.303
2008-01-04,227.136
2008-01-05,222.003
2008-01-06,219.45
2008-01-07,216.904
2008-01-08,214.367
2008-01-09,213.102
2008-01-10,211.839
2008-01-11,211.839
2008-01-12,211.839
2008-01-13,214.367
2008-01-14,219.45
2008-01-15,227.136
2008-01-16,234.898
2008-01-17,240.114
2008-01-18,246.679
2008-01-19,246.679
2008-01-20,244.047
2008-01-21,244.047
2008-01-22,242.734
2008-01-23,240.114
2008-01-24,236.199
2008-01-25,234.898
2008-01-26,233.599
2008-01-27,233.599
2008-01-28,234.898
2008-01-29,234.898
2008-01-30,233.599
2008-01-31,232.303
2007-12-01,223.284
2007-12-02,225.85
2007-12-03,233.599
2007-12-04,237.502
2007-12-05,240.114
2007-12-06,245.362
2007-12-07,250.643
2007-12-08,255.955
2007-12-09,261.3
2007-12-10,265.328
2007-12-11,266.675
2007-12-12,265.328
2007-12-13,262.641
2007-12-14,261.3
2007-12-15,259.961
2007-12-16,259.961
2007-12-17,258.624
2007-12-18,262.641
2007-12-19,265.328
2007-12-20,265.328
2007-12-21,262.641
2007-12-22,261.3
2007-12-23,259.961
2007-12-24,259.961
2007-12-25,258.624
2007-12-26,259.961
2007-12-27,259.961
2007-12-28,258.624
2007-12-29,257.288
2007-12-30,253.295
2007-12-31,249.32
2007-11-01,165.487
2007-11-02,163.14
2007-11-03,161.97
2007-11-04,160.802
2007-11-05,160.802
2007-11-06,163.14
2007-11-07,167.844
2007-11-08,171.397
2007-11-09,174.971
2007-11-10,176.167
2007-11-11,174.971
2007-11-12,171.397
2007-11-13,166.664
2007-11-14,164.312
2007-11-15,163.14
2007-11-16,163.14
2007-11-17,163.14
2007-11-18,165.487
2007-11-19,165.487
2007-11-20,163.14
2007-11-21,159.637
2007-11-22,157.314
2007-11-23,161.97
2007-11-24,161.97
2007-11-25,166.664
2007-11-26,174.971
2007-11-27,185.819
2007-11-28,203.058
2007-11-29,209.319
2007-11-30,215.635
2007-10-01,159.637
2007-10-02,158.474
2007-10-03,157.314
2007-10-04,157.314
2007-10-05,157.314
2007-10-06,157.314
2007-10-07,157.314
2007-10-08,157.314
2007-10-09,157.314
2007-10-10,157.314
2007-10-11,157.314
2007-10-12,156.156
2007-10-13,156.156
2007-10-14,156.156
2007-10-15,155.0
2007-10-16,153.847
2007-10-17,153.847
2007-10-18,155.0
2007-10-19,153.847
2007-10-20,155.0
2007-10-21,155.0
2007-10-22,157.314
2007-10-23,159.637
2007-10-24,163.14
2007-10-25,169.026
2007-10-26,172.586
2007-10-27,173.777
2007-10-28,173.777
2007-10-29,173.777
2007-10-30,171.397
2007-10-31,169.026
2007-09-01,167.844
2007-09-02,166.664
2007-09-03,166.664
2007-09-04,166.664
2007-09-05,166.664
2007-09-06,166.664
2007-09-07,165.487
2007-09-08,166.664
2007-09-09,165.487
2007-09-10,165.487
2007-09-11,165.487
2007-09-12,165.487
2007-09-13,164.312
2007-09-14,164.312
2007-09-15,164.312
2007-09-16,164.312
2007-09-17,164.312
2007-09-18,164.312
2007-09-19,164.312
2007-09-20,163.14
2007-09-21,161.97
2007-09-22,161.97
2007-09-23,160.802
2007-09-24,160.802
2007-09-25,160.802
2007-09-26,160.802
2007-09-27,159.637
2007-09-28,158.474
2007-09-29,158.474
2007-09-30,159.637
2007-08-01,178.566
2007-08-02,178.566
2007-08-03,178.566
2007-08-04,177.366
2007-08-05,177.366
2007-08-06,178.566
2007-08-07,179.769
2007-08-08,179.769
2007-08-09,178.566
2007-08-10,177.366
2007-08-11,176.167
2007-08-12,174.971
2007-08-13,173.777
2007-08-14,173.777
2007-08-15,173.777
2007-08-16,172.586
2007-08-17,172.586
2007-08-18,172.586
2007-08-19,172.586
2007-08-20,172.586
2007-08-21,173.777
2007-08-22,173.777
2007-08-23,172.586
2007-08-24,173.777
2007-08-25,173.777
2007-08-26,173.777
2007-08-27,172.586
2007-08-28,171.397
2007-08-29,171.397
2007-08-30,170.21
2007-08-31,169.026
2007-07-01,184.605
2007-07-02,184.605
2007-07-03,183.392
2007-07-04,182.182
2007-07-05,182.182
2007-07-06,182.182
2007-07-07,183.392
2007-07-08,183.392
2007-07-09,183.392
2007-07-10,184.605
2007-07-11,184.605
2007-07-12,185.819
2007-07-13,185.819
2007-07-14,185.819
2007-07-15,184.605
2007-07-16,184.605
2007-07-17,184.605
2007-07-18,184.605
2007-07-19,184.605
2007-07-20,183.392
2007-07-21,183.392
2007-07-22,183.392
2007-07-23,182.182
2007-07-24,182.182
2007-07-25,182.182
2007-07-26,182.182
2007-07-27,180.975
2007-07-28,180.975
2007-07-29,179.769
2007-07-30,178.566
2007-07-31,178.566
2007-06-01,188.255
2007-06-02,189.476
2007-06-03,189.476
2007-06-04,190.7
2007-06-05,190.7
2007-06-06,190.7
2007-06-07,189.476
2007-06-08,187.036
2007-06-09,187.036
2007-06-10,185.819
2007-06-11,185.819
2007-06-12,185.819
2007-06-13,185.819
2007-06-14,185.819
2007-06-15,184.605
2007-06-16,184.605
2007-06-17,184.605
2007-06-18,184.605
2007-06-19,184.605
2007-06-20,184.605
2007-06-21,183.392
2007-06-22,182.182
2007-06-23,182.182
2007-06-24,182.182
2007-06-25,182.182
2007-06-26,182.182
2007-06-27,182.182
2007-06-28,182.182
2007-06-29,182.182
2007-06-30,183.392
2007-05-01,228.425
2007-05-02,228.425
2007-05-03,228.425
2007-05-04,228.425
2007-05-05,227.136
2007-05-06,225.85
2007-05-07,223.284
2007-05-08,219.45
2007-05-09,216.904
2007-05-10,213.102
2007-05-11,209.319
2007-05-12,206.808
2007-05-13,205.556
2007-05-14,203.058
2007-05-15,201.812
2007-05-16,200.568
2007-05-17,199.327
2007-05-18,198.088
2007-05-19,196.851
2007-05-20,194.384
2007-05-21,193.154
2007-05-22,193.154
2007-05-23,191.926
2007-05-24,190.7
2007-05-25,190.7
2007-05-26,189.476
2007-05-27,189.476
2007-05-28,188.255
2007-05-29,188.255
2007-05-30,188.255
2007-05-31,188.255
2007-04-01,261.3
2007-04-02,257.288
2007-04-03,253.295
2007-04-04,249.32
2007-04-05,244.047
2007-04-06,240.114
2007-04-07,236.199
2007-04-08,231.008
2007-04-09,227.136
2007-04-10,224.566
2007-04-11,227.136
2007-04-12,224.566
2007-04-13,224.566
2007-04-14,228.425
2007-04-15,232.303
2007-04-16,236.199
2007-04-17,237.502
2007-04-18,240.114
2007-04-19,240.114
2007-04-20,238.807
2007-04-21,236.199
2007-04-22,236.199
2007-04-23,236.199
2007-04-24,236.199
2007-04-25,236.199
2007-04-26,234.898
2007-04-27,233.599
2007-04-28,232.303
2007-04-29,229.715
2007-04-30,228.425
2007-03-01,364.79
2007-03-02,366.161
2007-03-03,368.909
2007-03-04,371.665
2007-03-05,371.665
2007-03-06,370.286
2007-03-07,366.161
2007-03-08,362.054
2007-03-09,356.604
2007-03-10,350.908
2007-03-11,346.542
2007-03-12,342.192
2007-03-13,339.301
2007-03-14,336.417
2007-03-15,333.54
2007-03-16,332.104
2007-03-17,329.237
2007-03-18,324.951
2007-03-19,322.102
2007-03-20,316.427
2007-03-21,309.373
2007-03-22,306.564
2007-03-23,300.968
2007-03-24,294.015
2007-03-25,288.487
2007-03-26,284.36
2007-03-27,280.25
2007-03-28,276.157
2007-03-29,272.082
2007-03-30,269.375
2007-03-31,265.328
2007-02-01,266.675
2007-02-02,268.024
2007-02-03,270.727
2007-02-04,281.618
2007-02-05,285.733
2007-02-06,287.109
2007-02-07,289.866
2007-02-08,292.63
2007-02-09,296.791
2007-02-10,300.968
2007-02-11,305.162
2007-02-12,309.373
2007-02-13,312.189
2007-02-14,319.261
2007-02-15,324.951
2007-02-16,336.417
2007-02-17,340.746
2007-02-18,340.746
2007-02-19,346.542
2007-02-20,347.996
2007-02-21,346.542
2007-02-22,345.09
2007-02-23,345.09
2007-02-24,347.996
2007-02-25,350.908
2007-02-26,352.366
2007-02-27,359.325
2007-02-28,362.054
2007-01-01,274.797
2007-01-02,273.439
2007-01-03,273.439
2007-01-04,274.797
2007-01-05,277.52
2007-01-06,278.884
2007-01-07,278.884
2007-01-08,277.52
2007-01-09,273.439
2007-01-10,270.727
2007-01-11,276.157
2007-01-12,273.439
2007-01-13,272.082
2007-01-14,270.727
2007-01-15,270.727
2007-01-16,272.082
2007-01-17,273.439
2007-01-18,274.797
2007-01-19,276.157
2007-01-20,277.52
2007-01-21,276.157
2007-01-22,274.797
2007-01-23,274.797
2007-01-24,273.439
2007-01-25,270.727
2007-01-26,269.375
2007-01-27,270.727
2007-01-28,273.439
2007-01-29,272.082
2007-01-30,270.727
2007-01-31,268.024
2006-12-01,298.901
2006-12-02,297.54
2006-12-03,296.183
2006-12-04,294.829
2006-12-05,294.829
2006-12-06,296.183
2006-12-07,296.183
2006-12-08,293.478
2006-12-09,292.131
2006-12-10,292.131
2006-12-11,280.25
2006-12-12,276.157
2006-12-13,277.52
2006-12-14,277.52
2006-12-15,278.884
2006-12-16,280.25
2006-12-17,282.988
2006-12-18,288.487
2006-12-19,292.63
2006-12-20,294.015
2006-12-21,295.402
2006-12-22,295.402
2006-12-23,294.015
2006-12-24,289.866
2006-12-25,287.109
2006-12-26,282.988
2006-12-27,281.618
2006-12-28,280.25
2006-12-29,278.884
2006-12-30,278.884
2006-12-31,277.52
2006-11-01,267.54
2006-11-02,270.372
2006-11-03,274.631
2006-11-04,280.14
2006-11-05,286.771
2006-11-06,292.131
2006-11-07,297.54
2006-11-08,298.901
2006-11-09,300.264
2006-11-10,300.264
2006-11-11,301.63
2006-11-12,301.63
2006-11-13,308.509
2006-11-14,312.673
2006-11-15,316.865
2006-11-16,319.676
2006-11-17,321.085
2006-11-18,321.085
2006-11-19,319.676
2006-11-20,315.465
2006-11-21,311.282
2006-11-22,308.509
2006-11-23,304.372
2006-11-24,301.63
2006-11-25,300.264
2006-11-26,300.264
2006-11-27,301.63
2006-11-28,303.0
2006-11-29,303.0
2006-11-30,300.264
2006-10-01,217.801
2006-10-02,219.15
2006-10-03,219.15
2006-10-04,219.15
2006-10-05,217.801
2006-10-06,215.108
2006-10-07,213.764
2006-10-08,213.764
2006-10-09,213.764
2006-10-10,212.423
2006-10-11,211.083
2006-10-12,209.746
2006-10-13,208.41
2006-10-14,207.076
2006-10-15,208.41
2006-10-16,209.746
2006-10-17,212.423
2006-10-18,217.801
2006-10-19,223.209
2006-10-20,231.379
2006-10-21,235.489
2006-10-22,246.53
2006-10-23,252.094
2006-10-24,256.285
2006-10-25,259.089
2006-10-26,261.899
2006-10-27,264.716
2006-10-28,264.716
2006-10-29,264.716
2006-10-30,266.128
2006-10-31,264.716
2006-09-01,204.415
2006-09-02,204.415
2006-09-03,203.087
2006-09-04,203.087
2006-09-05,201.762
2006-09-06,201.762
2006-09-07,200.438
2006-09-08,199.116
2006-09-09,199.116
2006-09-10,197.797
2006-09-11,196.479
2006-09-12,196.479
2006-09-13,196.479
2006-09-14,195.163
2006-09-15,195.163
2006-09-16,193.85
2006-09-17,193.85
2006-09-18,193.85
2006-09-19,192.538
2006-09-20,192.538
2006-09-21,191.229
2006-09-22,192.538
2006-09-23,196.479
2006-09-24,203.087
2006-09-25,207.076
2006-09-26,209.746
2006-09-27,212.423
2006-09-28,212.423
2006-09-29,212.423
2006-09-30,215.108
2006-08-01,224.566
2006-08-02,224.566
2006-08-03,223.209
2006-08-04,221.854
2006-08-05,220.501
2006-08-06,220.501
2006-08-07,219.15
2006-08-08,219.15
2006-08-09,217.801
2006-08-10,217.801
2006-08-11,216.453
2006-08-12,216.453
2006-08-13,216.453
2006-08-14,215.108
2006-08-15,215.108
2006-08-16,213.764
2006-08-17,213.764
2006-08-18,212.423
2006-08-19,212.423
2006-08-20,212.423
2006-08-21,211.083
2006-08-22,211.083
2006-08-23,211.083
2006-08-24,209.746
2006-08-25,208.41
2006-08-26,208.41
2006-08-27,207.076
2006-08-28,207.076
2006-08-29,207.076
2006-08-30,205.745
2006-08-31,205.745
2006-07-01,242.376
2006-07-02,242.376
2006-07-03,240.995
2006-07-04,240.995
2006-07-05,240.995
2006-07-06,239.615
2006-07-07,239.615
2006-07-08,239.615
2006-07-09,239.615
2006-07-10,238.238
2006-07-11,238.238
2006-07-12,238.238
2006-07-13,236.863
2006-07-14,235.489
2006-07-15,235.489
2006-07-16,234.117
2006-07-17,234.117
2006-07-18,232.747
2006-07-19,232.747
2006-07-20,232.747
2006-07-21,231.379
2006-07-22,231.379
2006-07-23,230.012
2006-07-24,230.012
2006-07-25,228.648
2006-07-26,227.285
2006-07-27,227.285
2006-07-28,227.285
2006-07-29,227.285
2006-07-30,225.925
2006-07-31,224.566
2006-06-01,307.127
2006-06-02,304.372
2006-06-03,301.63
2006-06-04,297.54
2006-06-05,293.478
2006-06-06,290.786
2006-06-07,288.106
2006-06-08,284.109
2006-06-09,281.46
2006-06-10,277.479
2006-06-11,274.631
2006-06-12,271.79
2006-06-13,268.955
2006-06-14,266.128
2006-06-15,263.307
2006-06-16,260.493
2006-06-17,259.089
2006-06-18,256.285
2006-06-19,254.886
2006-06-20,253.489
2006-06-21,252.094
2006-06-22,250.7
2006-06-23,249.308
2006-06-24,247.918
2006-06-25,246.53
2006-06-26,246.53
2006-06-27,245.143
2006-06-28,245.143
2006-06-29,243.759
2006-06-30,243.759
2006-05-01,420.389
2006-05-02,415.569
2006-05-03,409.755
2006-05-04,404.986
2006-05-05,400.244
2006-05-06,397.099
2006-05-07,395.531
2006-05-08,392.404
2006-05-09,390.846
2006-05-10,390.846
2006-05-11,389.29
2006-05-12,386.188
2006-05-13,383.099
2006-05-14,380.022
2006-05-15,375.429
2006-05-16,369.349
2006-05-17,364.822
2006-05-18,358.829
2006-05-19,354.367
2006-05-20,349.933
2006-05-21,345.527
2006-05-22,341.148
2006-05-23,336.798
2006-05-24,331.041
2006-05-25,328.181
2006-05-26,323.914
2006-05-27,321.085
2006-05-28,318.269
2006-05-29,315.465
2006-05-30,314.067
2006-05-31,309.894
2006-04-01,351.408
2006-04-02,361.82
2006-04-03,370.865
2006-04-04,383.099
2006-04-05,401.822
2006-04-06,414.367
2006-04-07,424.018
2006-04-08,431.31
2006-04-09,437.422
2006-04-10,439.876
2006-04-11,444.8
2006-04-12,449.743
2006-04-13,450.983
2006-04-14,448.506
2006-04-15,442.335
2006-04-16,438.649
2006-04-17,437.422
2006-04-18,434.973
2006-04-19,437.422
2006-04-20,439.876
2006-04-21,437.422
2006-04-22,432.53
2006-04-23,426.443
2006-04-24,425.23
2006-04-25,426.443
2006-04-26,426.443
2006-04-27,425.23
2006-04-28,422.807
2006-04-29,421.597
2006-04-30,421.597
2006-03-01,298.901
2006-03-02,297.54
2006-03-03,297.54
2006-03-04,298.901
2006-03-05,301.63
2006-03-06,307.127
2006-03-07,309.894
2006-03-08,311.282
2006-03-09,312.673
2006-03-10,314.067
2006-03-11,316.865
2006-03-12,321.085
2006-03-13,325.333
2006-03-14,332.476
2006-03-15,339.695
2006-03-16,342.605
2006-03-17,346.992
2006-03-18,352.886
2006-03-19,357.339
2006-03-20,360.323
2006-03-21,361.82
2006-03-22,361.82
2006-03-23,357.339
2006-03-24,354.367
2006-03-25,349.933
2006-03-26,346.992
2006-03-27,342.605
2006-03-28,339.695
2006-03-29,338.245
2006-03-30,336.798
2006-03-31,342.605
2006-02-01,243.759
2006-02-02,239.615
2006-02-03,240.995
2006-02-04,242.376
2006-02-05,243.759
2006-02-06,246.53
2006-02-07,250.7
2006-02-08,256.285
2006-02-09,260.493
2006-02-10,264.716
2006-02-11,271.79
2006-02-12,273.21
2006-02-13,273.21
2006-02-14,273.21
2006-02-15,274.631
2006-02-16,276.054
2006-02-17,281.46
2006-02-18,284.109
2006-02-19,288.106
2006-02-20,292.131
2006-02-21,297.54
2006-02-22,301.63
2006-02-23,305.748
2006-02-24,309.894
2006-02-25,308.509
2006-02-26,305.748
2006-02-27,301.63
2006-02-28,300.264
2006-01-01,332.476
2006-01-02,339.695
2006-01-03,344.064
2006-01-04,348.461
2006-01-05,352.886
2006-01-06,354.367
2006-01-07,354.367
2006-01-08,354.367
2006-01-09,352.886
2006-01-10,351.408
2006-01-11,349.933
2006-01-12,348.461
2006-01-13,348.461
2006-01-14,346.992
2006-01-15,344.064
2006-01-16,341.148
2006-01-17,336.798
2006-01-18,331.041
2006-01-19,325.333
2006-01-20,319.676
2006-01-21,314.067
2006-01-22,307.127
2006-01-23,301.63
2006-01-24,296.183
2006-01-25,289.444
2006-01-26,282.783
2006-01-27,274.631
2006-01-28,267.54
2006-01-29,259.089
2006-01-30,252.094
2006-01-31,247.918
2005-12-01,284.109
2005-12-02,288.106
2005-12-03,293.478
2005-12-04,301.63
2005-12-05,307.127
2005-12-06,312.673
2005-12-07,315.465
2005-12-08,314.067
2005-12-09,311.282
2005-12-10,311.282
2005-12-11,312.673
2005-12-12,314.067
2005-12-13,319.676
2005-12-14,326.756
2005-12-15,328.181
2005-12-16,328.181
2005-12-17,328.181
2005-12-18,331.041
2005-12-19,335.354
2005-12-20,339.695
2005-12-21,339.695
2005-12-22,339.695
2005-12-23,336.798
2005-12-24,332.476
2005-12-25,328.181
2005-12-26,322.498
2005-12-27,319.676
2005-12-28,319.676
2005-12-29,319.676
2005-12-30,325.333
2005-12-31,328.181
2005-11-01,186.012
2005-11-02,191.229
2005-11-03,195.163
2005-11-04,199.116
2005-11-05,201.762
2005-11-06,205.745
2005-11-07,208.41
2005-11-08,209.746
2005-11-09,208.41
2005-11-10,205.745
2005-11-11,203.087
2005-11-12,200.438
2005-11-13,201.762
2005-11-14,203.087
2005-11-15,208.41
2005-11-16,217.801
2005-11-17,228.648
2005-11-18,238.238
2005-11-19,245.143
2005-11-20,253.489
2005-11-21,259.089
2005-11-22,266.128
2005-11-23,270.372
2005-11-24,274.631
2005-11-25,277.479
2005-11-26,271.79
2005-11-27,266.128
2005-11-28,268.955
2005-11-29,276.054
2005-11-30,278.824
2005-10-01,204.415
2005-10-02,205.745
2005-10-03,207.076
2005-10-04,205.745
2005-10-05,205.745
2005-10-06,204.415
2005-10-07,201.762
2005-10-08,199.116
2005-10-09,197.797
2005-10-10,195.163
2005-10-11,193.85
2005-10-12,191.229
2005-10-13,191.229
2005-10-14,188.616
2005-10-15,187.313
2005-10-16,186.012
2005-10-17,184.713
2005-10-18,183.416
2005-10-19,183.416
2005-10-20,180.828
2005-10-21,179.538
2005-10-22,179.538
2005-10-23,178.249
2005-10-24,176.963
2005-10-25,176.963
2005-10-26,175.679
2005-10-27,175.679
2005-10-28,175.679
2005-10-29,176.963
2005-10-30,176.963
2005-10-31,182.121
2005-09-01,195.163
2005-09-02,193.85
2005-09-03,193.85
2005-09-04,192.538
2005-09-05,192.538
2005-09-06,192.538
2005-09-07,192.538
2005-09-08,191.229
2005-09-09,189.921
2005-09-10,189.921
2005-09-11,188.616
2005-09-12,188.616
2005-09-13,188.616
2005-09-14,187.313
2005-09-15,187.313
2005-09-16,187.313
2005-09-17,187.313
2005-09-18,187.313
2005-09-19,186.012
2005-09-20,186.012
2005-09-21,184.713
2005-09-22,184.713
2005-09-23,186.012
2005-09-24,184.713
2005-09-25,186.012
2005-09-26,187.313
2005-09-27,188.616
2005-09-28,191.229
2005-09-29,196.479
2005-09-30,201.762
2005-08-01,211.083
2005-08-02,209.746
2005-08-03,209.746
2005-08-04,209.746
2005-08-05,208.41
2005-08-06,208.41
2005-08-07,208.41
2005-08-08,207.076
2005-08-09,207.076
2005-08-10,207.076
2005-08-11,207.076
2005-08-12,207.076
2005-08-13,205.745
2005-08-14,204.415
2005-08-15,204.415
2005-08-16,204.415
2005-08-17,204.415
2005-08-18,203.087
2005-08-19,203.087
2005-08-20,201.762
2005-08-21,201.762
2005-08-22,200.438
2005-08-23,199.116
2005-08-24,199.116
2005-08-25,197.797
2005-08-26,197.797
2005-08-27,197.797
2005-08-28,196.479
2005-08-29,196.479
2005-08-30,195.163
2005-08-31,195.163
2005-07-01,232.747
2005-07-02,231.379
2005-07-03,231.379
2005-07-04,230.012
2005-07-05,228.648
2005-07-06,227.285
2005-07-07,227.285
2005-07-08,225.925
2005-07-09,225.925
2005-07-10,224.566
2005-07-11,223.209
2005-07-12,223.209
2005-07-13,221.854
2005-07-14,221.854
2005-07-15,221.854
2005-07-16,220.501
2005-07-17,219.15
2005-07-18,219.15
2005-07-19,219.15
2005-07-20,219.15
2005-07-21,219.15
2005-07-22,217.801
2005-07-23,217.801
2005-07-24,216.453
2005-07-25,216.453
2005-07-26,215.108
2005-07-27,213.764
2005-07-28,213.764
2005-07-29,213.764
2005-07-30,213.764
2005-07-31,212.423
2005-06-01,290.786
2005-06-02,293.478
2005-06-03,296.183
2005-06-04,297.54
2005-06-05,294.829
2005-06-06,288.106
2005-06-07,281.46
2005-06-08,276.054
2005-06-09,273.21
2005-06-10,268.955
2005-06-11,267.54
2005-06-12,264.716
2005-06-13,261.899
2005-06-14,260.493
2005-06-15,257.686
2005-06-16,256.285
2005-06-17,254.886
2005-06-18,252.094
2005-06-19,250.7
2005-06-20,247.918
2005-06-21,246.53
2005-06-22,245.143
2005-06-23,243.759
2005-06-24,240.995
2005-06-25,239.615
2005-06-26,238.238
2005-06-27,236.863
2005-06-28,236.863
2005-06-29,235.489
2005-06-30,234.117
2005-05-01,316.865
2005-05-02,316.865
2005-05-03,316.865
2005-05-04,314.067
2005-05-05,316.865
2005-05-06,321.085
2005-05-07,328.181
2005-05-08,333.913
2005-05-09,341.148
2005-05-10,345.527
2005-05-11,346.992
2005-05-12,344.064
2005-05-13,335.354
2005-05-14,323.914
2005-05-15,315.465
2005-05-16,311.282
2005-05-17,309.894
2005-05-18,307.127
2005-05-19,307.127
2005-05-20,305.748
2005-05-21,304.372
2005-05-22,303.0
2005-05-23,301.63
2005-05-24,298.901
2005-05-25,296.183
2005-05-26,292.131
2005-05-27,288.106
2005-05-28,284.109
2005-05-29,281.46
2005-05-30,282.783
2005-05-31,286.771
2005-04-01,401.822
2005-04-02,403.402
2005-04-03,403.402
2005-04-04,406.572
2005-04-05,408.162
2005-04-06,411.351
2005-04-07,414.367
2005-04-08,415.569
2005-04-09,415.569
2005-04-10,414.367
2005-04-11,408.162
2005-04-12,401.822
2005-04-13,392.404
2005-04-14,384.642
2005-04-15,375.429
2005-04-16,367.837
2005-04-17,363.319
2005-04-18,357.339
2005-04-19,352.886
2005-04-20,348.461
2005-04-21,344.064
2005-04-22,339.695
2005-04-23,336.798
2005-04-24,333.913
2005-04-25,331.041
2005-04-26,326.756
2005-04-27,321.085
2005-04-28,318.269
2005-04-29,316.865
2005-04-30,316.865
2005-03-01,393.966
2005-03-02,393.966
2005-03-03,387.737
2005-03-04,376.957
2005-03-05,369.349
2005-03-06,366.328
2005-03-07,363.319
2005-03-08,364.822
2005-03-09,366.328
2005-03-10,369.349
2005-03-11,373.905
2005-03-12,376.957
2005-03-13,384.642
2005-03-14,393.966
2005-03-15,400.244
2005-03-16,408.162
2005-03-17,412.95
2005-03-18,416.772
2005-03-19,420.389
2005-03-20,424.018
2005-03-21,425.23
2005-03-22,425.23
2005-03-23,424.018
2005-03-24,421.597
2005-03-25,419.182
2005-03-26,416.772
2005-03-27,414.367
2005-03-28,411.351
2005-03-29,408.162
2005-03-30,403.402
2005-03-31,401.822
2005-02-01,319.676
2005-02-02,319.676
2005-02-03,321.085
2005-02-04,323.914
2005-02-05,326.756
2005-02-06,331.041
2005-02-07,332.476
2005-02-08,333.913
2005-02-09,336.798
2005-02-10,338.245
2005-02-11,338.245
2005-02-12,333.913
2005-02-13,329.609
2005-02-14,325.333
2005-02-15,319.676
2005-02-16,319.676
2005-02-17,322.498
2005-02-18,325.333
2005-02-19,331.041
2005-02-20,336.798
2005-02-21,345.527
2005-02-22,354.367
2005-02-23,364.822
2005-02-24,375.429
2005-02-25,383.099
2005-02-26,386.188
2005-02-27,387.737
2005-02-28,389.29
2005-01-01,292.131
2005-01-02,289.444
2005-01-03,289.444
2005-01-04,286.771
2005-01-05,285.438
2005-01-06,282.783
2005-01-07,278.824
2005-01-08,274.631
2005-01-09,271.79
2005-01-10,266.128
2005-01-11,261.899
2005-01-12,257.686
2005-01-13,254.886
2005-01-14,253.489
2005-01-15,256.285
2005-01-16,260.493
2005-01-17,266.128
2005-01-18,273.21
2005-01-19,280.14
2005-01-20,289.444
2005-01-21,298.901
2005-01-22,308.509
2005-01-23,316.865
2005-01-24,323.914
2005-01-25,323.914
2005-01-26,319.676
2005-01-27,315.465
2005-01-28,312.673
2005-01-29,311.282
2005-01-30,314.067
2005-01-31,316.865
2004-12-01,271.79
2004-12-02,276.054
2004-12-03,281.46
2004-12-04,284.109
2004-12-05,288.106
2004-12-06,290.786
2004-12-07,293.478
2004-12-08,297.54
2004-12-09,300.264
2004-12-10,300.264
2004-12-11,296.183
2004-12-12,290.786
2004-12-13,288.106
2004-12-14,288.106
2004-12-15,289.444
2004-12-16,294.829
2004-12-17,296.183
2004-12-18,297.54
2004-12-19,300.264
2004-12-20,300.264
2004-12-21,300.264
2004-12-22,298.901
2004-12-23,298.901
2004-12-24,297.54
2004-12-25,297.54
2004-12-26,298.901
2004-12-27,300.264
2004-12-28,300.264
2004-12-29,300.264
2004-12-30,298.901
2004-12-31,294.829
2004-11-01,212.423
2004-11-02,216.453
2004-11-03,217.801
2004-11-04,216.453
2004-11-05,216.453
2004-11-06,215.108
2004-11-07,212.423
2004-11-08,211.083
2004-11-09,208.41
2004-11-10,205.745
2004-11-11,203.087
2004-11-12,201.762
2004-11-13,200.438
2004-11-14,197.797
2004-11-15,193.85
2004-11-16,189.921
2004-11-17,186.012
2004-11-18,186.012
2004-11-19,187.313
2004-11-20,188.616
2004-11-21,189.921
2004-11-22,195.163
2004-11-23,204.415
2004-11-24,216.453
2004-11-25,225.925
2004-11-26,234.117
2004-11-27,243.759
2004-11-28,252.094
2004-11-29,259.089
2004-11-30,271.79
2004-10-01,180.828
2004-10-02,179.538
2004-10-03,179.538
2004-10-04,179.538
2004-10-05,179.538
2004-10-06,180.828
2004-10-07,180.828
2004-10-08,180.828
2004-10-09,184.713
2004-10-10,187.313
2004-10-11,192.538
2004-10-12,196.479
2004-10-13,200.438
2004-10-14,201.762
2004-10-15,201.762
2004-10-16,200.438
2004-10-17,199.116
2004-10-18,195.163
2004-10-19,192.538
2004-10-20,189.921
2004-10-21,188.616
2004-10-22,187.313
2004-10-23,187.313
2004-10-24,189.921
2004-10-25,189.921
2004-10-26,192.538
2004-10-27,195.163
2004-10-28,193.85
2004-10-29,193.85
2004-10-30,201.762
2004-10-31,208.41
2004-09-01,195.163
2004-09-02,193.85
2004-09-03,192.538
2004-09-04,192.538
2004-09-05,192.538
2004-09-06,193.85
2004-09-07,193.85
2004-09-08,193.85
2004-09-09,191.229
2004-09-10,191.229
2004-09-11,189.921
2004-09-12,189.921
2004-09-13,191.229
2004-09-14,189.921
2004-09-15,189.921
2004-09-16,189.921
2004-09-17,188.616
2004-09-18,188.616
2004-09-19,187.313
2004-09-20,187.313
2004-09-21,187.313
2004-09-22,186.012
2004-09-23,187.313
2004-09-24,186.012
2004-09-25,186.012
2004-09-26,186.012
2004-09-27,183.416
2004-09-28,183.416
2004-09-29,182.121
2004-09-30,180.828
2004-08-01,205.745
2004-08-02,205.745
2004-08-03,205.745
2004-08-04,207.076
2004-08-05,207.076
2004-08-06,207.076
2004-08-07,207.076
2004-08-08,207.076
2004-08-09,207.076
2004-08-10,207.076
2004-08-11,205.745
2004-08-12,204.415
2004-08-13,203.087
2004-08-14,203.087
2004-08-15,201.762
2004-08-16,201.762
2004-08-17,201.762
2004-08-18,201.762
2004-08-19,201.762
2004-08-20,200.438
2004-08-21,200.438
2004-08-22,200.438
2004-08-23,199.116
2004-08-24,199.116
2004-08-25,199.116
2004-08-26,199.116
2004-08-27,199.116
2004-08-28,199.116
2004-08-29,199.116
2004-08-30,196.479
2004-08-31,196.479
2004-07-01,220.501
2004-07-02,219.15
2004-07-03,219.15
2004-07-04,219.15
2004-07-05,219.15
2004-07-06,217.801
2004-07-07,217.801
2004-07-08,217.801
2004-07-09,217.801
2004-07-10,216.453
2004-07-11,216.453
2004-07-12,216.453
2004-07-13,215.108
2004-07-14,215.108
2004-07-15,215.108
2004-07-16,213.764
2004-07-17,213.764
2004-07-18,212.423
2004-07-19,211.083
2004-07-20,211.083
2004-07-21,209.746
2004-07-22,209.746
2004-07-23,209.746
2004-07-24,209.746
2004-07-25,209.746
2004-07-26,209.746
2004-07-27,208.41
2004-07-28,207.076
2004-07-29,207.076
2004-07-30,205.745
2004-07-31,205.745
2004-06-01,239.615
2004-06-02,236.863
2004-06-03,235.489
2004-06-04,234.117
2004-06-05,234.117
2004-06-06,232.747
2004-06-07,231.379
2004-06-08,231.379
2004-06-09,231.379
2004-06-10,231.379
2004-06-11,231.379
2004-06-12,231.379
2004-06-13,231.379
2004-06-14,231.379
2004-06-15,231.379
2004-06-16,230.012
2004-06-17,228.648
2004-06-18,228.648
2004-06-19,227.285
2004-06-20,227.285
2004-06-21,225.925
2004-06-22,225.925
2004-06-23,224.566
2004-06-24,223.209
2004-06-25,223.209
2004-06-26,221.854
2004-06-27,221.854
2004-06-28,221.854
2004-06-29,220.501
2004-06-30,220.501
2004-05-01,346.992
2004-05-02,344.064
2004-05-03,341.148
2004-05-04,338.245
2004-05-05,335.354
2004-05-06,331.041
2004-05-07,325.333
2004-05-08,319.676
2004-05-09,314.067
2004-05-10,307.127
2004-05-11,301.63
2004-05-12,296.183
2004-05-13,290.786
2004-05-14,286.771
2004-05-15,282.783
2004-05-16,277.479
2004-05-17,273.21
2004-05-18,270.372
2004-05-19,266.128
2004-05-20,263.307
2004-05-21,260.493
2004-05-22,257.686
2004-05-23,254.886
2004-05-24,253.489
2004-05-25,252.094
2004-05-26,249.308
2004-05-27,247.918
2004-05-28,247.918
2004-05-29,246.53
2004-05-30,245.143
2004-05-31,242.376
2004-04-01,450.408
2004-04-02,454.865
2004-04-03,460.832
2004-04-04,465.327
2004-04-05,465.327
2004-04-06,462.329
2004-04-07,453.377
2004-04-08,460.942
2004-04-09,452.223
2004-04-10,444.8
2004-04-11,439.876
2004-04-12,434.973
2004-04-13,432.53
2004-04-14,431.31
2004-04-15,430.091
2004-04-16,428.874
2004-04-17,427.658
2004-04-18,427.658
2004-04-19,425.23
2004-04-20,422.807
2004-04-21,417.977
2004-04-22,412.95
2004-04-23,404.986
2004-04-24,395.531
2004-04-25,387.737
2004-04-26,378.488
2004-04-27,369.349
2004-04-28,361.82
2004-04-29,355.852
2004-04-30,351.408
2004-03-01,428.372
2004-03-02,429.828
2004-03-03,437.137
2004-03-04,443.017
2004-03-05,443.017
2004-03-06,444.491
2004-03-07,444.491
2004-03-08,444.491
2004-03-09,445.968
2004-03-10,445.968
2004-03-11,445.968
2004-03-12,445.968
2004-03-13,441.544
2004-03-14,434.208
2004-03-15,425.466
2004-03-16,416.79
2004-03-17,408.182
2004-03-18,405.328
2004-03-19,402.481
2004-03-20,402.481
2004-03-21,406.754
2004-03-22,411.044
2004-03-23,416.79
2004-03-24,419.675
2004-03-25,424.015
2004-03-26,429.828
2004-03-27,435.672
2004-03-28,438.604
2004-03-29,441.544
2004-03-30,443.017
2004-03-31,445.968
2004-02-01,409.612
2004-02-02,419.675
2004-02-03,426.918
2004-02-04,432.746
2004-02-05,440.073
2004-02-06,445.968
2004-02-07,451.892
2004-02-08,456.354
2004-02-09,462.329
2004-02-10,468.333
2004-02-11,469.839
2004-02-12,468.333
2004-02-13,462.329
2004-02-14,456.354
2004-02-15,451.892
2004-02-16,453.377
2004-02-17,457.845
2004-02-18,462.329
2004-02-19,462.329
2004-02-20,459.338
2004-02-21,451.892
2004-02-22,444.491
2004-02-23,434.208
2004-02-24,426.918
2004-02-25,422.566
2004-02-26,419.675
2004-02-27,421.12
2004-02-28,424.015
2004-02-29,426.918
2004-01-01,243.4
2004-01-02,251.921
2004-01-03,259.312
2004-01-04,266.783
2004-01-05,269.291
2004-01-06,268.036
2004-01-07,266.783
2004-01-08,261.793
2004-01-09,259.312
2004-01-10,258.075
2004-01-11,258.075
2004-01-12,263.038
2004-01-13,263.038
2004-01-14,266.783
2004-01-15,271.807
2004-01-16,279.41
2004-01-17,292.255
2004-01-18,298.759
2004-01-19,305.316
2004-01-20,319.928
2004-01-21,322.612
2004-01-22,330.715
2004-01-23,338.893
2004-01-24,351.186
2004-01-25,356.604
2004-01-26,357.964
2004-01-27,362.054
2004-01-28,368.909
2004-01-29,381.37
2004-01-30,392.576
2004-01-31,401.06
2003-12-01,208.144
2003-12-02,210.43
2003-12-03,213.876
2003-12-04,217.343
2003-12-05,219.666
2003-12-06,220.831
2003-12-07,223.167
2003-12-08,225.513
2003-12-09,230.233
2003-12-10,233.797
2003-12-11,233.797
2003-12-12,233.797
2003-12-13,233.797
2003-12-14,233.797
2003-12-15,232.607
2003-12-16,227.869
2003-12-17,225.513
2003-12-18,223.167
2003-12-19,219.666
2003-12-20,216.185
2003-12-21,215.029
2003-12-22,213.876
2003-12-23,211.576
2003-12-24,212.725
2003-12-25,208.144
2003-12-26,208.144
2003-12-27,211.576
2003-12-28,217.343
2003-12-29,221.998
2003-12-30,229.05
2003-12-31,236.184
2003-11-01,180.372
2003-11-02,179.292
2003-11-03,178.215
2003-11-04,182.538
2003-11-05,187.997
2003-11-06,192.408
2003-11-07,196.856
2003-11-08,207.005
2003-11-09,217.343
2003-11-10,225.513
2003-11-11,234.989
2003-11-12,242.191
2003-11-13,249.475
2003-11-14,255.607
2003-11-15,261.793
2003-11-16,264.284
2003-11-17,265.532
2003-11-18,261.793
2003-11-19,258.075
2003-11-20,254.376
2003-11-21,249.475
2003-11-22,243.4
2003-11-23,239.782
2003-11-24,234.989
2003-11-25,231.419
2003-11-26,224.339
2003-11-27,219.666
2003-11-28,215.029
2003-11-29,212.725
2003-11-30,209.286
2003-10-01,172.865
2003-10-02,176.068
2003-10-03,181.454
2003-10-04,187.997
2003-10-05,191.302
2003-10-06,194.627
2003-10-07,195.741
2003-10-08,194.627
2003-10-09,192.408
2003-10-10,189.096
2003-10-11,185.807
2003-10-12,182.538
2003-10-13,180.372
2003-10-14,178.215
2003-10-15,176.068
2003-10-16,177.14
2003-10-17,181.454
2003-10-18,189.096
2003-10-19,192.408
2003-10-20,194.627
2003-10-21,192.408
2003-10-22,189.096
2003-10-23,185.807
2003-10-24,182.538
2003-10-25,181.454
2003-10-26,180.372
2003-10-27,180.372
2003-10-28,180.372
2003-10-29,181.454
2003-10-30,181.454
2003-10-31,181.454
2003-09-01,184.715
2003-09-02,185.807
2003-09-03,187.997
2003-09-04,190.198
2003-09-05,190.198
2003-09-06,189.096
2003-09-07,187.997
2003-09-08,185.807
2003-09-09,183.626
2003-09-10,182.538
2003-09-11,181.454
2003-09-12,179.292
2003-09-13,179.292
2003-09-14,178.215
2003-09-15,177.14
2003-09-16,176.068
2003-09-17,174.998
2003-09-18,173.93
2003-09-19,172.865
2003-09-20,172.865
2003-09-21,171.803
2003-09-22,171.803
2003-09-23,171.803
2003-09-24,170.743
2003-09-25,169.685
2003-09-26,169.685
2003-09-27,169.685
2003-09-28,170.743
2003-09-29,170.743
2003-09-30,169.685
2003-08-01,185.807
2003-08-02,185.807
2003-08-03,185.807
2003-08-04,185.807
2003-08-05,185.807
2003-08-06,184.715
2003-08-07,184.715
2003-08-08,184.715
2003-08-09,183.626
2003-08-10,183.626
2003-08-11,183.626
2003-08-12,183.626
2003-08-13,182.538
2003-08-14,182.538
2003-08-15,181.454
2003-08-16,181.454
2003-08-17,181.454
2003-08-18,181.454
2003-08-19,182.538
2003-08-20,182.538
2003-08-21,182.538
2003-08-22,184.715
2003-08-23,186.901
2003-08-24,187.997
2003-08-25,189.096
2003-08-26,187.997
2003-08-27,186.901
2003-08-28,185.807
2003-08-29,184.715
2003-08-30,185.807
2003-08-31,184.715
2003-07-01,192.408
2003-07-02,192.408
2003-07-03,191.302
2003-07-04,191.302
2003-07-05,191.302
2003-07-06,191.302
2003-07-07,190.198
2003-07-08,190.198
2003-07-09,190.198
2003-07-10,190.198
2003-07-11,190.198
2003-07-12,190.198
2003-07-13,190.198
2003-07-14,190.198
2003-07-15,189.096
2003-07-16,189.096
2003-07-17,187.997
2003-07-18,187.997
2003-07-19,187.997
2003-07-20,189.096
2003-07-21,189.096
2003-07-22,190.198
2003-07-23,190.198
2003-07-24,189.096
2003-07-25,187.997
2003-07-26,187.997
2003-07-27,187.997
2003-07-28,187.997
2003-07-29,186.901
2003-07-30,186.901
2003-07-31,185.807
2003-06-01,211.576
2003-06-02,215.029
2003-06-03,216.185
2003-06-04,216.185
2003-06-05,215.029
2003-06-06,213.876
2003-06-07,211.576
2003-06-08,210.43
2003-06-09,209.286
2003-06-10,208.144
2003-06-11,207.005
2003-06-12,205.867
2003-06-13,203.6
2003-06-14,202.471
2003-06-15,201.343
2003-06-16,200.218
2003-06-17,199.095
2003-06-18,199.095
2003-06-19,197.975
2003-06-20,196.856
2003-06-21,196.856
2003-06-22,196.856
2003-06-23,195.741
2003-06-24,195.741
2003-06-25,194.627
2003-06-26,194.627
2003-06-27,194.627
2003-06-28,193.516
2003-06-29,193.516
2003-06-30,193.516
2003-05-01,255.607
2003-05-02,251.921
2003-05-03,247.038
2003-05-04,243.4
2003-05-05,239.782
2003-05-06,238.58
2003-05-07,240.986
2003-05-08,244.61
2003-05-09,248.256
2003-05-10,248.256
2003-05-11,245.823
2003-05-12,243.4
2003-05-13,240.986
2003-05-14,238.58
2003-05-15,236.184
2003-05-16,232.607
2003-05-17,229.05
2003-05-18,224.339
2003-05-19,220.831
2003-05-20,218.503
2003-05-21,216.185
2003-05-22,215.029
2003-05-23,212.725
2003-05-24,210.43
2003-05-25,209.286
2003-05-26,209.286
2003-05-27,209.286
2003-05-28,208.144
2003-05-29,208.144
2003-05-30,208.144
2003-05-31,209.286
2003-04-01,315.918
2003-04-02,313.254
2003-04-03,310.6
2003-04-04,306.634
2003-04-05,302.686
2003-04-06,298.759
2003-04-07,294.85
2003-04-08,292.255
2003-04-09,288.379
2003-04-10,284.522
2003-04-11,281.962
2003-04-12,284.522
2003-04-13,285.806
2003-04-14,285.806
2003-04-15,285.806
2003-04-16,284.522
2003-04-17,281.962
2003-04-18,280.685
2003-04-19,278.138
2003-04-20,276.867
2003-04-21,275.599
2003-04-22,274.333
2003-04-23,274.333
2003-04-24,273.069
2003-04-25,271.807
2003-04-26,270.548
2003-04-27,268.036
2003-04-28,266.783
2003-04-29,263.038
2003-04-30,259.312
2003-03-01,306.634
2003-03-02,302.686
2003-03-03,298.759
2003-03-04,294.85
2003-03-05,289.669
2003-03-06,285.806
2003-03-07,287.091
2003-03-08,285.806
2003-03-09,283.241
2003-03-10,281.962
2003-03-11,279.41
2003-03-12,276.867
2003-03-13,274.333
2003-03-14,269.291
2003-03-15,268.036
2003-03-16,268.036
2003-03-17,269.291
2003-03-18,274.333
2003-03-19,279.41
2003-03-20,284.522
2003-03-21,285.806
2003-03-22,287.091
2003-03-23,294.85
2003-03-24,297.454
2003-03-25,297.454
2003-03-26,298.759
2003-03-27,301.375
2003-03-28,306.634
2003-03-29,309.276
2003-03-30,313.254
2003-03-31,317.252
2003-02-01,340.264
2003-02-02,337.525
2003-02-03,336.159
2003-02-04,336.159
2003-02-05,337.525
2003-02-06,337.525
2003-02-07,337.525
2003-02-08,334.795
2003-02-09,330.715
2003-02-10,323.957
2003-02-11,317.252
2003-02-12,309.276
2003-02-13,302.686
2003-02-14,294.85
2003-02-15,290.961
2003-02-16,287.091
2003-02-17,285.806
2003-02-18,287.091
2003-02-19,292.255
2003-02-20,296.151
2003-02-21,301.375
2003-02-22,305.316
2003-02-23,307.953
2003-02-24,310.6
2003-02-25,309.276
2003-02-26,310.6
2003-02-27,309.276
2003-02-28,306.634
2003-01-01,274.333
2003-01-02,281.962
2003-01-03,289.669
2003-01-04,296.151
2003-01-05,302.686
2003-01-06,309.276
2003-01-07,315.918
2003-01-08,321.269
2003-01-09,328.006
2003-01-10,330.715
2003-01-11,332.073
2003-01-12,332.073
2003-01-13,328.006
2003-01-14,326.654
2003-01-15,330.715
2003-01-16,328.006
2003-01-17,325.305
2003-01-18,325.305
2003-01-19,333.433
2003-01-20,336.159
2003-01-21,340.264
2003-01-22,345.766
2003-01-23,349.836
2003-01-24,353.891
2003-01-25,359.325
2003-01-26,360.689
2003-01-27,360.689
2003-01-28,367.534
2003-01-29,363.421
2003-01-30,356.604
2003-01-31,347.146
2002-12-01,189.096
2002-12-02,185.807
2002-12-03,182.538
2002-12-04,179.292
2002-12-05,177.14
2002-12-06,176.068
2002-12-07,177.14
2002-12-08,174.998
2002-12-09,176.068
2002-12-10,181.454
2002-12-11,192.408
2002-12-12,202.471
2002-12-13,210.43
2002-12-14,217.343
2002-12-15,221.998
2002-12-16,226.69
2002-12-17,230.233
2002-12-18,239.782
2002-12-19,240.986
2002-12-20,240.986
2002-12-21,244.61
2002-12-22,248.256
2002-12-23,253.147
2002-12-24,256.839
2002-12-25,260.552
2002-12-26,258.075
2002-12-27,256.839
2002-12-28,258.075
2002-12-29,258.075
2002-12-30,264.284
2002-12-31,269.291
2002-11-01,170.743
2002-11-02,179.292
2002-11-03,189.096
2002-11-04,202.471
2002-11-05,204.733
2002-11-06,207.005
2002-11-07,211.576
2002-11-08,216.185
2002-11-09,218.503
2002-11-10,223.167
2002-11-11,226.69
2002-11-12,231.419
2002-11-13,234.989
2002-11-14,237.381
2002-11-15,238.58
2002-11-16,238.58
2002-11-17,236.184
2002-11-18,233.797
2002-11-19,231.419
2002-11-20,229.05
2002-11-21,226.69
2002-11-22,224.339
2002-11-23,221.998
2002-11-24,219.666
2002-11-25,216.185
2002-11-26,211.576
2002-11-27,208.144
2002-11-28,203.6
2002-11-29,199.095
2002-11-30,193.516
2002-10-01,193.516
2002-10-02,192.408
2002-10-03,190.198
2002-10-04,187.997
2002-10-05,184.715
2002-10-06,180.372
2002-10-07,180.372
2002-10-08,179.292
2002-10-09,179.292
2002-10-10,179.292
2002-10-11,179.292
2002-10-12,178.215
2002-10-13,177.14
2002-10-14,174.998
2002-10-15,172.865
2002-10-16,171.803
2002-10-17,170.743
2002-10-18,169.685
2002-10-19,168.63
2002-10-20,168.63
2002-10-21,167.577
2002-10-22,167.577
2002-10-23,167.577
2002-10-24,166.527
2002-10-25,166.527
2002-10-26,165.479
2002-10-27,166.527
2002-10-28,166.527
2002-10-29,165.479
2002-10-30,165.479
2002-10-31,166.527
2002-09-01,179.292
2002-09-02,179.292
2002-09-03,179.292
2002-09-04,180.372
2002-09-05,180.372
2002-09-06,179.292
2002-09-07,180.372
2002-09-08,181.454
2002-09-09,181.454
2002-09-10,180.372
2002-09-11,179.292
2002-09-12,180.372
2002-09-13,182.538
2002-09-14,182.538
2002-09-15,181.454
2002-09-16,180.372
2002-09-17,180.372
2002-09-18,178.215
2002-09-19,177.14
2002-09-20,174.998
2002-09-21,173.93
2002-09-22,173.93
2002-09-23,172.865
2002-09-24,172.865
2002-09-25,177.14
2002-09-26,180.372
2002-09-27,183.626
2002-09-28,187.997
2002-09-29,191.302
2002-09-30,193.516
2002-08-01,185.807
2002-08-02,184.715
2002-08-03,184.715
2002-08-04,184.715
2002-08-05,183.626
2002-08-06,182.538
2002-08-07,182.538
2002-08-08,182.538
2002-08-09,181.454
2002-08-10,181.454
2002-08-11,180.372
2002-08-12,180.372
2002-08-13,179.292
2002-08-14,179.292
2002-08-15,179.292
2002-08-16,179.292
2002-08-17,179.292
2002-08-18,179.292
2002-08-19,179.292
2002-08-20,179.292
2002-08-21,179.292
2002-08-22,178.215
2002-08-23,178.215
2002-08-24,178.215
2002-08-25,178.215
2002-08-26,178.215
2002-08-27,178.215
2002-08-28,177.14
2002-08-29,177.14
2002-08-30,177.14
2002-08-31,178.215
2002-07-01,192.408
2002-07-02,192.408
2002-07-03,191.302
2002-07-04,191.302
2002-07-05,190.198
2002-07-06,190.198
2002-07-07,190.198
2002-07-08,190.198
2002-07-09,190.198
2002-07-10,189.096
2002-07-11,190.198
2002-07-12,189.096
2002-07-13,189.096
2002-07-14,189.096
2002-07-15,187.997
2002-07-16,187.997
2002-07-17,187.997
2002-07-18,187.997
2002-07-19,187.997
2002-07-20,187.997
2002-07-21,189.096
2002-07-22,187.997
2002-07-23,187.997
2002-07-24,187.997
2002-07-25,187.997
2002-07-26,186.901
2002-07-27,186.901
2002-07-28,186.901
2002-07-29,186.901
2002-07-30,185.807
2002-07-31,185.807
2002-06-01,215.029
2002-06-02,211.576
2002-06-03,208.144
2002-06-04,207.005
2002-06-05,203.6
2002-06-06,202.471
2002-06-07,200.218
2002-06-08,199.095
2002-06-09,197.975
2002-06-10,196.856
2002-06-11,196.856
2002-06-12,195.741
2002-06-13,194.627
2002-06-14,194.627
2002-06-15,194.627
2002-06-16,193.516
2002-06-17,193.516
2002-06-18,192.408
2002-06-19,192.408
2002-06-20,192.408
2002-06-21,191.302
2002-06-22,192.408
2002-06-23,192.408
2002-06-24,191.302
2002-06-25,191.302
2002-06-26,191.302
2002-06-27,190.198
2002-06-28,191.302
2002-06-29,192.408
2002-06-30,192.408
2002-05-01,220.831
2002-05-02,218.503
2002-05-03,215.029
2002-05-04,212.725
2002-05-05,210.43
2002-05-06,208.144
2002-05-07,205.867
2002-05-08,204.733
2002-05-09,202.471
2002-05-10,201.343
2002-05-11,200.218
2002-05-12,199.095
2002-05-13,199.095
2002-05-14,199.095
2002-05-15,200.218
2002-05-16,199.095
2002-05-17,197.975
2002-05-18,197.975
2002-05-19,196.856
2002-05-20,196.856
2002-05-21,195.741
2002-05-22,195.741
2002-05-23,196.856
2002-05-24,196.856
2002-05-25,199.095
2002-05-26,201.343
2002-05-27,204.733
2002-05-28,209.286
2002-05-29,212.725
2002-05-30,216.185
2002-05-31,216.185
2002-04-01,251.921
2002-04-02,251.921
2002-04-03,249.475
2002-04-04,247.038
2002-04-05,244.61
2002-04-06,242.191
2002-04-07,239.782
2002-04-08,238.58
2002-04-09,239.782
2002-04-10,239.782
2002-04-11,248.256
2002-04-12,249.475
2002-04-13,250.697
2002-04-14,249.475
2002-04-15,251.921
2002-04-16,255.607
2002-04-17,263.038
2002-04-18,268.036
2002-04-19,273.069
2002-04-20,274.333
2002-04-21,274.333
2002-04-22,270.548
2002-04-23,263.038
2002-04-24,253.147
2002-04-25,245.823
2002-04-26,239.782
2002-04-27,234.989
2002-04-28,231.419
2002-04-29,227.869
2002-04-30,224.339
2002-03-01,274.333
2002-03-02,269.291
2002-03-03,264.284
2002-03-04,258.075
2002-03-05,251.921
2002-03-06,247.038
2002-03-07,242.191
2002-03-08,238.58
2002-03-09,234.989
2002-03-10,232.607
2002-03-11,230.233
2002-03-12,227.869
2002-03-13,225.513
2002-03-14,223.167
2002-03-15,220.831
2002-03-16,218.503
2002-03-17,217.343
2002-03-18,215.029
2002-03-19,215.029
2002-03-20,215.029
2002-03-21,217.343
2002-03-22,218.503
2002-03-23,221.998
2002-03-24,225.513
2002-03-25,227.869
2002-03-26,231.419
2002-03-27,237.381
2002-03-28,242.191
2002-03-29,245.823
2002-03-30,248.256
2002-03-31,250.697
2002-02-01,373.046
2002-02-02,367.534
2002-02-03,362.054
2002-02-04,359.325
2002-02-05,357.964
2002-02-06,356.604
2002-02-07,353.891
2002-02-08,352.538
2002-02-09,351.186
2002-02-10,349.836
2002-02-11,352.538
2002-02-12,356.604
2002-02-13,362.054
2002-02-14,364.79
2002-02-15,363.421
2002-02-16,355.247
2002-02-17,344.387
2002-02-18,333.433
2002-02-19,323.957
2002-02-20,315.918
2002-02-21,310.6
2002-02-22,305.316
2002-02-23,302.686
2002-02-24,297.454
2002-02-25,293.552
2002-02-26,289.669
2002-02-27,284.522
2002-02-28,279.41
2002-01-01,288.379
2002-01-02,292.255
2002-01-03,294.85
2002-01-04,307.953
2002-01-05,318.589
2002-01-06,325.305
2002-01-07,330.715
2002-01-08,338.893
2002-01-09,341.636
2002-01-10,344.387
2002-01-11,348.489
2002-01-12,353.891
2002-01-13,359.325
2002-01-14,362.054
2002-01-15,367.534
2002-01-16,373.046
2002-01-17,381.37
2002-01-18,385.558
2002-01-19,386.958
2002-01-20,386.958
2002-01-21,388.359
2002-01-22,388.359
2002-01-23,389.763
2002-01-24,392.576
2002-01-25,396.81
2002-01-26,401.06
2002-01-27,402.481
2002-01-28,402.481
2002-01-29,398.224
2002-01-30,389.763
2002-01-31,379.978
2001-12-01,278.138
2001-12-02,280.685
2001-12-03,284.522
2001-12-04,290.961
2001-12-05,294.85
2001-12-06,296.151
2001-12-07,298.759
2001-12-08,298.759
2001-12-09,302.686
2001-12-10,306.634
2001-12-11,310.6
2001-12-12,310.6
2001-12-13,310.6
2001-12-14,304.0
2001-12-15,294.85
2001-12-16,285.806
2001-12-17,279.41
2001-12-18,275.599
2001-12-19,271.807
2001-12-20,269.291
2001-12-21,266.783
2001-12-22,268.036
2001-12-23,268.036
2001-12-24,269.291
2001-12-25,273.069
2001-12-26,276.867
2001-12-27,280.685
2001-12-28,285.806
2001-12-29,287.091
2001-12-30,285.806
2001-12-31,284.522
2001-11-01,279.41
2001-11-02,268.036
2001-11-03,260.552
2001-11-04,253.147
2001-11-05,250.697
2001-11-06,249.475
2001-11-07,250.697
2001-11-08,250.697
2001-11-09,249.475
2001-11-10,247.038
2001-11-11,244.61
2001-11-12,243.4
2001-11-13,240.986
2001-11-14,237.381
2001-11-15,234.989
2001-11-16,234.989
2001-11-17,238.58
2001-11-18,240.986
2001-11-19,243.4
2001-11-20,245.823
2001-11-21,248.256
2001-11-22,251.921
2001-11-23,255.607
2001-11-24,259.312
2001-11-25,268.036
2001-11-26,271.807
2001-11-27,273.069
2001-11-28,273.069
2001-11-29,271.807
2001-11-30,273.069
2001-10-01,181.454
2001-10-02,181.454
2001-10-03,180.372
2001-10-04,179.292
2001-10-05,179.292
2001-10-06,179.292
2001-10-07,178.215
2001-10-08,178.215
2001-10-09,178.215
2001-10-10,178.215
2001-10-11,182.538
2001-10-12,187.997
2001-10-13,194.627
2001-10-14,199.095
2001-10-15,202.471
2001-10-16,205.867
2001-10-17,210.43
2001-10-18,217.343
2001-10-19,221.998
2001-10-20,231.419
2001-10-21,239.782
2001-10-22,243.4
2001-10-23,248.256
2001-10-24,254.376
2001-10-25,260.552
2001-10-26,266.783
2001-10-27,271.807
2001-10-28,275.599
2001-10-29,279.41
2001-10-30,284.522
2001-10-31,284.522
2001-09-01,185.807
2001-09-02,185.807
2001-09-03,184.715
2001-09-04,184.715
2001-09-05,184.715
2001-09-06,183.626
2001-09-07,183.626
2001-09-08,183.626
2001-09-09,183.626
2001-09-10,183.626
2001-09-11,182.538
2001-09-12,181.454
2001-09-13,181.454
2001-09-14,181.454
2001-09-15,181.454
2001-09-16,181.454
2001-09-17,181.454
2001-09-18,184.715
2001-09-19,185.807
2001-09-20,187.997
2001-09-21,191.302
2001-09-22,193.516
2001-09-23,193.516
2001-09-24,193.516
2001-09-25,191.302
2001-09-26,189.096
2001-09-27,186.901
2001-09-28,185.807
2001-09-29,183.626
2001-09-30,182.538
2001-08-01,191.302
2001-08-02,191.302
2001-08-03,190.198
2001-08-04,190.198
2001-08-05,190.198
2001-08-06,191.302
2001-08-07,191.302
2001-08-08,190.198
2001-08-09,190.198
2001-08-10,190.198
2001-08-11,190.198
2001-08-12,190.198
2001-08-13,190.198
2001-08-14,190.198
2001-08-15,189.096
2001-08-16,189.096
2001-08-17,189.096
2001-08-18,189.096
2001-08-19,189.096
2001-08-20,189.096
2001-08-21,189.096
2001-08-22,189.096
2001-08-23,187.997
2001-08-24,187.997
2001-08-25,187.997
2001-08-26,187.997
2001-08-27,186.901
2001-08-28,186.901
2001-08-29,186.901
2001-08-30,185.807
2001-08-31,185.807
2001-07-01,200.218
2001-07-02,199.095
2001-07-03,199.095
2001-07-04,199.095
2001-07-05,199.095
2001-07-06,199.095
2001-07-07,197.975
2001-07-08,199.095
2001-07-09,197.975
2001-07-10,197.975
2001-07-11,197.975
2001-07-12,196.856
2001-07-13,196.856
2001-07-14,196.856
2001-07-15,196.856
2001-07-16,196.856
2001-07-17,195.741
2001-07-18,195.741
2001-07-19,195.741
2001-07-20,195.741
2001-07-21,195.741
2001-07-22,195.741
2001-07-23,195.741
2001-07-24,195.741
2001-07-25,194.627
2001-07-26,193.516
2001-07-27,192.408
2001-07-28,192.408
2001-07-29,191.302
2001-07-30,191.302
2001-07-31,191.302
2001-06-01,212.725
2001-06-02,212.725
2001-06-03,211.576
2001-06-04,212.725
2001-06-05,212.725
2001-06-06,211.576
2001-06-07,210.43
2001-06-08,210.43
2001-06-09,208.144
2001-06-10,208.144
2001-06-11,207.005
2001-06-12,207.005
2001-06-13,205.867
2001-06-14,204.733
2001-06-15,204.733
2001-06-16,204.733
2001-06-17,203.6
2001-06-18,203.6
2001-06-19,203.6
2001-06-20,203.6
2001-06-21,203.6
2001-06-22,202.471
2001-06-23,202.471
2001-06-24,201.343
2001-06-25,201.343
2001-06-26,201.343
2001-06-27,200.218
2001-06-28,200.218
2001-06-29,199.095
2001-06-30,199.095
2001-05-01,245.823
2001-05-02,242.191
2001-05-03,237.381
2001-05-04,234.989
2001-05-05,232.607
2001-05-06,230.233
2001-05-07,227.869
2001-05-08,226.69
2001-05-09,224.339
2001-05-10,223.167
2001-05-11,221.998
2001-05-12,220.831
2001-05-13,219.666
2001-05-14,221.998
2001-05-15,221.998
2001-05-16,223.167
2001-05-17,224.339
2001-05-18,224.339
2001-05-19,224.339
2001-05-20,224.339
2001-05-21,224.339
2001-05-22,223.167
2001-05-23,221.998
2001-05-24,219.666
2001-05-25,218.503
2001-05-26,217.343
2001-05-27,216.185
2001-05-28,216.185
2001-05-29,215.029
2001-05-30,213.876
2001-05-31,213.876
2001-04-01,313.254
2001-04-02,311.926
2001-04-03,311.926
2001-04-04,311.926
2001-04-05,311.926
2001-04-06,309.276
2001-04-07,305.316
2001-04-08,301.375
2001-04-09,296.151
2001-04-10,290.961
2001-04-11,284.522
2001-04-12,278.138
2001-04-13,270.548
2001-04-14,264.284
2001-04-15,258.075
2001-04-16,251.921
2001-04-17,248.256
2001-04-18,244.61
2001-04-19,244.61
2001-04-20,244.61
2001-04-21,244.61
2001-04-22,248.256
2001-04-23,249.475
2001-04-24,251.921
2001-04-25,254.376
2001-04-26,256.839
2001-04-27,258.075
2001-04-28,258.075
2001-04-29,255.607
2001-04-30,250.697
2001-03-01,279.41
2001-03-02,276.867
2001-03-03,275.599
2001-03-04,273.069
2001-03-05,271.807
2001-03-06,270.548
2001-03-07,269.291
2001-03-08,266.783
2001-03-09,264.284
2001-03-10,261.793
2001-03-11,260.552
2001-03-12,260.552
2001-03-13,263.038
2001-03-14,269.291
2001-03-15,274.333
2001-03-16,281.962
2001-03-17,289.669
2001-03-18,298.759
2001-03-19,306.634
2001-03-20,315.918
2001-03-21,325.305
2001-03-22,332.073
2001-03-23,340.264
2001-03-24,345.766
2001-03-25,348.489
2001-03-26,345.766
2001-03-27,340.264
2001-03-28,330.715
2001-03-29,321.269
2001-03-30,314.585
2001-03-31,313.254
2001-02-01,266.783
2001-02-02,263.038
2001-02-03,261.793
2001-02-04,260.552
2001-02-05,260.552
2001-02-06,263.038
2001-02-07,264.284
2001-02-08,266.783
2001-02-09,269.291
2001-02-10,269.291
2001-02-11,270.548
2001-02-12,271.807
2001-02-13,273.069
2001-02-14,274.333
2001-02-15,278.138
2001-02-16,279.41
2001-02-17,278.138
2001-02-18,275.599
2001-02-19,274.333
2001-02-20,274.333
2001-02-21,273.069
2001-02-22,273.069
2001-02-23,271.807
2001-02-24,270.548
2001-02-25,270.548
2001-02-26,270.548
2001-02-27,273.069
2001-02-28,280.685
2001-01-01,466.829
2001-01-02,448.926
2001-01-03,432.746
2001-01-04,422.566
2001-01-05,412.478
2001-01-06,406.754
2001-01-07,401.06
2001-01-08,396.81
2001-01-09,391.169
2001-01-10,385.558
2001-01-11,377.199
2001-01-12,367.534
2001-01-13,356.604
2001-01-14,345.766
2001-01-15,337.525
2001-01-16,328.006
2001-01-17,319.928
2001-01-18,311.926
2001-01-19,305.316
2001-01-20,298.759
2001-01-21,292.255
2001-01-22,287.091
2001-01-23,281.962
2001-01-24,276.867
2001-01-25,273.069
2001-01-26,271.807
2001-01-27,273.069
2001-01-28,273.069
2001-01-29,273.069
2001-01-30,271.807
2001-01-31,270.548
